ID,Stepartist,Pack,Difficulty,Mode,Rating,Song,BPM,Steps,Measures,Length,16ths,24ths,32nds,Break,% Stream,Adj. % Stream,S/B Ratio,Density,Adj. Density,Breakdown,Tier,16ths Mod,16ths Rank,Diff Rating,Score,DP,EP,DP+EP,DP/EP,RP,AP,Total (no bonuses),Total,
1,Xynn,Xynn's Measuring Tapes,Expert,Single,18,Cardiologie (Part 1),185,7486,526,11.37,446,0,0,27,0.8479,0.9065,16.52,11.36,11.7,7 15 46 (2) 3 15 16 (2) 9 23 (7) 9 7 7 19 7 23 (4) 24 7 40 (4) 11 19 12 (4) 12 (4) 15 31 15 15 23 16,180,381.1740725,18,11,1,109,850,959,620,1000,1000,1959,2959,147
2,@@,Xynn's Measuring Tapes,Expert,Single,18,Fractal Glitch Works (Part 3) Nirvikalpa Samadhi,180,8710,556,12.36,531,0,0,4,0.955,0.9655,132.75,11.86,11.87,16 15 7 38 (2) 30 (2) 114 11 28 1 4 9 1 55 39 7 11 93 52,180,501.9935836,19,11,1,0,900,900,343,1000,1000,1900,2900,
3,erictran0,erictranzerothemedstaminacontent,Expert,Single,18,Tetoris Override,180,9109,573,12.73,564,0,0,4,0.9843,0.9877,141,11.96,11.96,218 16 (2) 139 15 48 (2) 128,180,552.9415047,20,11,1,0,950,950,578,1000,1000,1950,2950,
4,Xynn,Xynn's Inferno,Expert,Single,18,The Second Circle - Lust,180,9882,655,14.56,611,0,0,37,0.9328,0.94,16.51,11.4,11.4,96 33 (2) 88 (7) 81 (4) 3 68 (2) 32 (6) 130 (16) 80,180,553.4084371,21,11,1,0,1000,1000,813,1000,1000,2000,3000,
5,tyler.exe,tyler.ini,Expert,Single,18,Freezing Rose,190,3998,287,6.04,246,0,0,0,0.8571,1,0,12.41,12.66,246,190,246,16,11,1,218,750,968,662,1000,1000,1968,2968,
6,Nav,Psychedelia II,Expert,Single,18,Drift,195,4734,321,6.58,252,0,0,40,0.785,0.8077,6.3,12.06,12.08,15 3 11 (9) 4 (2) 1 9 (3) 3 7 7 11 (2) 2 15 7 2 2 3 (3) 4 (4) 3 3 3 3 3 (9) 48 (8) 3 3 3 3 15 56,190,179.060863,11,11,1,327,500,827,0,1000,1000,1827,2827,
7,freyja,Big Waves,Expert,Single,18,Through the Fire and Flames (Extended Mix),190,5839,418,8.8,334,0,0,60,0.799,0.8247,5.57,11.17,11.26,1 (8) 16 (7) 17 (2) 2 (2) 1 15 (3) 11 7 7 16 (2) 16 (2) 1 (3) 1 15 (3) 11 7 7 16 (11) 5 (2) 41 (7) 67 (6) 2 (2) 11 7 7 27,190,245.3692063,15,11,1,218,700,918,428,1000,1000,1918,2918,
8,mang,pack.dat.3,Expert,Single,18,BUZZ CUTZ,193,6298,485,10.05,344,0,0,81,0.7093,0.7836,4.25,10.75,11.11,14 (10) 7 (2) 13 16 47 32 (8) 20 11 (24) 8 (6) 32 (2) 31 31 (9) 7 11 18 (10) 8 (4) 1 1 1 3 1 1 2 (2) 9 6 (2) 6 (2) 7,190,232.8678461,14,11,1,283,650,933,498,1000,1000,1933,2933,
9,Scrypts,scryptstastreamz,Expert,Single,18,WHO UP BRRDING IT,190,11137,844,17.77,610,0,0,190,0.7227,0.7421,3.21,10.55,10.62,1 19 1 1 15 16 (16) 14 (2) 7 7 7 (9) 14 (4) 3 11 16 (12) 5 (3) 32 (8) 24 (2) 7 8 (20) 11 7 1 (9) 32 (2) 7 6 (26) 1 1 7 23 (5) 12 1 (2) 48 (14) 1 55 (5) 28 (12) 3 (5) 28 (4) 19 3 11 3 28 (16) 32 (14) 34,190,378.5033482,17,11,1,218,800,1018,897,1000,1000,2018,3018,
10,Xynn,Xynn's Mix Tapes 2,Expert,Single,18,Katamari on the Swing SEXY-SYNTHESIZER ALL ABOUT namco Mix,206,3221,240,4.66,186,0,0,27,0.775,0.8493,6.89,11.71,12.34,4 (4) 3 7 12 (2) 34 (2) 3 7 12 (2) 74 (12) 6 (3) 3 7 12 (2) 2,200,143.2223326,9,11,1,566,400,966,653,1000,1000,1966,2966,
11,Kyy Tuuc,Kyypakkaus 3,Expert,Single,18,God Of War (The Speed Freak's Remix),205,3911,330,6.44,226,0,0,66,0.6848,0.7635,3.42,10.99,11.18,15 7 6 (2) 14 (2) 16 (16) 15 48 (40) 30 (2) 14 (2) 15 14 (2) 32,200,146.7583787,10,11,1,544,450,994,785,1000,1000,1994,2994,
12,t3a,LSG ver.2022 Part 1,Expert,Single,18,SpeedBall Switch,200,4411,310,6.2,255,0,0,8,0.8226,0.9043,31.88,12.34,12.7,8 23 7 7 7 15 8 (4) 19 7 31 7 23 7 15 7 7 8 (4) 19 7 9 7 7,200,217.0902055,12,11,1,435,550,985,742,1000,1000,1985,2985,
13,Zaia,Dragonforce Kaioken,Expert,Single,18,Black Winter Night,200,4738,325,6.5,273,0,0,18,0.84,0.8922,15.17,12.3,12.53,1 (3) 1 (3) 32 12 (2) 3 1 3 7 12 (2) 17 15 1 1 1 3 7 23 15 1 96 (8) 21,200,227.4585139,13,11,1,435,600,1035,977,1000,1000,2035,3035,
14,Archi,Masochisma Mk I,Expert,Single,18,Chiron,211,2633,229,4.34,154,0,0,52,0.6725,0.7476,2.96,11.1,11.17,1 (3) 89 (40) 32 (9) 32,210,96.69223284,5,11,1,674,200,874,221,1000,1000,1874,2874,
15,sorae,that's so rachael,Expert,Single,18,23,215,2999,236,4.39,157,0,0,41,0.6653,0.7734,3.83,12.21,12.69,1 1 (4) 1 33 (6) 34 (15) 18 1 (4) 1 (2) 47 (6) 1 1 (4) 1 17,210,104.0749763,6,11,1,761,250,1011,864,1000,1000,2011,3011,
16,@@,$$ MONEY MiNiPACK $$,Expert,Single,18,Ah Shwe Bah,214,2890,212,3.96,161,0,0,46,0.7594,0.7667,3.5,12.27,12.25,1 2 (6) 9 (2) 1 (4) 11 (3) 7 8 (2) 3 (3) 39 (8) 16 (13) 31 (5) 19 14,210,105.2510937,7,11,1,740,300,1040,1000,1000,1000,2040,3040,
17,mang,pack.dat.2,Expert,Single,18,Buta Musou,210,2712,201,3.83,163,0,0,23,0.8109,0.8717,7.09,12.42,12.67,8 (2) 24 56 (3) 33 (14) 2 (4) 40,210,130.8503468,8,11,1,653,350,1003,827,1000,1000,2003,3003,
18,JNero,BangerZ 3,Expert,Single,18,In The Next Life,226,1750,201,3.56,93,0,0,34,0.4627,0.7266,2.74,8.63,11.74,48 (34) 13 32,220,55.78989939,1,11,1,1000,0,1000,813,1000,1000,2000,3000,
19,yutsi,yutsi B-sides,Expert,Single,18,Bangarang,220,2199,197,3.58,110,0,0,50,0.5584,0.6875,2.2,11.45,12.11,32 (16) 30 (2) 16 (32) 32,220,60.39889721,2,11,1,870,50,920,437,1000,1000,1920,2920,
20,Xynn,BLACKLIGHT,Expert,Single,18,One Click Headshot,220,2479,232,4.22,116,0,0,48,0.5,0.6705,2.42,10.14,11.63,14 (2) 7 7 14 (2) 7 6 (34) 7 7 7 7 14 (2) 7 6 (2) 1 (3) 1 3 (3) 1,220,61.19219625,3,11,1,870,100,970,672,1000,1000,1970,2970,
21,Zorropanda,World's End Stamina,Expert,Single,18,Mikasa,220,2285,167,3.04,127,0,0,29,0.7605,0.7888,4.38,12.69,12.75,22 (2) 12 2 (4) 1 (2) 1 (2) 11 15 (2) 36 (2) 1 (2) 1 1 1 (13) 11 12,220,86.88619209,4,11,1,870,150,1020,907,1000,1000,2020,3020,
22,SirDelins,Delins Incredibly Cool Content,Expert,Single,19,ORBITAL SUNRISE,195,7601,486,9.97,470,0,0,0,0.9671,0.9812,0,12.87,12.87,63 47 15 31 79 15 35 155 15 15,190,455.9423373,18,32,1,125,850,975,300,2000,1000,2975,3975,
23,ITGAlex,Xynn's Measuring Tapes,Expert,Single,19,Intergalactic v2 (Part 2),190,9063,592,12.46,553,0,0,12,0.9341,0.9567,46.08,12.33,12.4,19 47 63 15 7 15 31 15 15 39 31 7 31 80 (12) 138,190,515.1887485,20,32,1,0,950,950,200,2000,1000,2950,3950,
24,Xynn tyler.exe,Xynn's Mix Tapes 2,Expert,Single,19,1 2 Trois Quatre (Part 2),190,9316,628,13.22,562,0,0,27,0.8949,0.9382,20.81,11.97,12.16,7 7 6 (2) 6 (2) 7 7 7 38 (2) 15 6 (2) 95 79 14 (2) 14 (2) 31 (9) 7 14 (2) 14 (2) 7 6 (2) 175,190,507.4683969,19,32,1,0,900,900,0,2000,1000,2900,3900,
25,Xynn,Xynn's Inferno,Expert,Single,19,The Third Circle - Gluttony,190,9284,599,12.61,566,0,0,18,0.9449,0.9593,31.44,12.39,12.42,1 15 111 (3) 15 (4) 1 2 15 (2) 86 100 (3) 24 (2) 15 (2) 35 (2) 63 83,190,529.5945929,21,32,1,0,1000,1000,400,2000,1000,3000,4000,
26,Zaia,Rebuild of Sharpnel,Expert,Single,19,Ivaltek,208,4380,329,6.32,252,0,0,40,0.766,0.8601,6.3,11.69,12.27,30 (2) 32 (2) 64 (34) 64 30 (2) 32,200,198.0062309,12,32,1,450,550,1000,400,2000,1000,3000,4000,
27,ITGAlex,ITGAlex's Stamina Singles ep.2,Expert,Single,19,Hope & Fate,205,5234,362,7.06,316,0,0,21,0.8729,0.9186,15.05,13,12.99,15 15 16 (2) 15 15 31 35 15 15 (17) 16 (2) 128,200,275.860417,13,32,1,375,600,975,300,2000,1000,2975,3975,
28,Tuuc,Big Waves,Expert,Single,19,Feeling Good,207,5758,427,8.25,347,0,0,37,0.8126,0.8852,9.38,11.94,12.52,62 (2) 31 23 39 15 23 15 15 (33) 30 (2) 47 15 32,200,285.4931702,15,32,1,425,700,1125,900,2000,1000,3125,4125,
29,SirDelins,Delins Incredibly Cool Content,Expert,Single,19,AdventureTime,203,7257,498,9.81,417,0,0,39,0.8373,0.8651,10.69,12.38,12.44,1 15 15 31 (9) 7 7 15 23 23 7 7 15 41 7 7 20 (10) 47 7 7 11 4 (4) 3 24 (16) 15 7 2 4 7 15 7 16,200,330.7060608,16,32,1,325,750,1075,700,2000,1000,3075,4075,
30,Los Dispolca,Release the Simfiles,Expert,Single,19,Horizon Line Ver. B,200,13524,1184,23.68,744,0,0,345,0.6284,0.6807,2.16,9.81,10.22,17 15 (8) 4 (44) 16 (2) 31 (9) 8 (4) 32 (24) 16 (2) 31 (21) 48 (11) 24 (8) 7 14 (2) 23 (9) 15 (3) 111 (11) 7 15 (3) 1 (3) 1 (3) 1 (20) 8 6 (2) 15 (24) 39 (31) 49 (33) 14 (17) 24 (26) 96 (2) 15 (8) 8 (9) 1 (6) 32,200,402.070432,17,32,1,250,800,1050,600,2000,1000,3050,4050,
31,Xynn,Xynn's Mix Tapes 2,Expert,Single,19,Jackwagon,210,3581,255,4.86,211,0,0,22,0.8275,0.9056,9.59,12.53,13.11,33 (16) 176 (6) 2,210,180.0448559,10,32,1,500,450,950,200,2000,1000,2950,3950,
32,tyler.exe,The Joy Of Streaming 2,Expert,Single,19,Aurora,214,4157,324,6.06,223,0,0,40,0.6883,0.8199,5.58,11.88,12.97,1 (8) 16 31 15 15 7 23 15 39 (32) 16 15 30,210,162.3014057,9,32,1,600,400,1000,400,2000,1000,3000,4000,
33,Xynn,Xynn's Mix Tapes 2,Expert,Single,19,Kizashi,214,4027,302,5.64,242,0,0,41,0.8013,0.8462,5.9,12.56,12.55,40 (6) 16 (2) 30 (2) 30 16 16 (19) 1 (10) 46 (2) 30 17,210,185.2559646,11,32,1,600,500,1100,800,2000,1000,3100,4100,
34,SirDelins,Delins Leftover Box,Expert,Single,19,Drowned Heart,210,4898,338,6.44,304,0,0,11,0.8994,0.956,27.64,13.07,13.46,63 (9) 135 14 (2) 7 71 14,210,282.8825845,14,32,1,500,650,1150,1000,2000,1000,3150,4150,
35,Appe,Slax,Expert,Single,19,Lovesickore,225,2534,200,3.56,137,0,0,42,0.685,0.7446,3.26,12.12,12.52,18 (2) 3 16 (6) 1 16 5 12 (2) 3 16 (32) 47,220,85.46679498,5,32,1,875,200,1075,700,2000,1000,3075,4075,
36,ITGAlex,ITGAlex's Stamina Singles ep.1,Expert,Single,19,Break the Silence,220,2716,272,4.95,155,0,0,56,0.5699,0.7346,2.77,9.96,11.31,1 (24) 40 (8) 24 (24) 90,220,94.62658708,7,32,1,750,300,1050,600,2000,1000,3050,4050,
37,mang,pack.dat.2,Expert,Single,19,finorza,225,2883,267,4.75,159,0,0,67,0.5955,0.7035,2.37,10.73,11.53,1 (3) 2 (2) 16 (4) 4 (4) 6 (2) 19 (5) 1 (2) 6 (2) 23 (17) 1 (3) 6 (6) 2 (6) 4 (4) 8 (5) 36 (2) 24,220,90.57736599,6,32,1,875,250,1125,900,2000,1000,3125,4125,
38,Janus5k,New Squirreled Order,Expert,Single,19,Terminus (Where Death Is Most Alive),220,3081,240,4.36,169,0,0,33,0.7042,0.8204,5.12,12.33,13.05,23 15 (9) 23 15 (9) 53 8 (6) 1 15 (9) 16,220,123.1197563,8,32,1,750,350,1100,800,2000,1000,3100,4100,
39,StarrySergal,AniStreamz,Expert,Single,19,Respect for the Dead Man (TV Size),230,1290,86,1.5,75,0,0,2,0.8721,0.9375,37.5,14.72,15.06,15 15 12 (2) 23 10,230,67.64182331,3,32,1,1000,100,1100,800,2000,1000,3100,4100,
40,tyler.exe,tyler.ini,Expert,Single,19,Perfect Neglect,230,1662,135,2.35,90,0,0,25,0.6667,0.7759,3.6,12.07,12.81,15 (5) 4 (4) 55 8 (16) 8,230,59.96967738,1,32,1,1000,0,1000,400,2000,1000,3000,4000,
41,Janus5k,New Squirreled Order,Expert,Single,19,The Siege,230,2094,157,2.73,116,0,0,34,0.7389,0.7582,3.41,13.12,13.11,6 (2) 11 15 32 (28) 16 (4) 20 16,230,74.49241214,4,32,1,1000,150,1150,1000,2000,1000,3150,4150,
42,Janus5k,Mozee Metal Reforged,Expert,Single,19,Get Clean,230,2332,205,3.57,123,0,0,61,0.6,0.6685,2.02,11.34,11.69,15 (9) 32 (16) 32 (26) 5 (8) 7 (2) 32,230,64.5754394,2,32,1,1000,50,1050,600,2000,1000,3050,4050,
43,SirDelins,Delins Incredibly Cool Content 2,Expert,Single,20,Hacktory Aming Touch,203,8740,577,11.37,543,0,0,4,0.9411,0.9784,135.75,13.32,13.32,1 (2) 23 25 45 71 86 (2) 19 3 7 76 187,200,524.3558771,19,53,1,86,900,986,521,3000,1000,3986,4986,
44,mang,pack.dat.4,Expert,Single,20,Sancrarium Avarice,204,9487,633,12.41,570,0,0,38,0.9005,0.9164,15,12.9,12.93,5 (3) 15 15 15 31 16 (6) 14 (2) 30 (2) 30 (2) 15 46 (2) 30 (2) 15 15 33 (15) 14 64 15 14 (2) 15 14 (2) 15 31 14 49,200,495.6909438,17,53,1,107,800,907,157,3000,1000,3907,4907,
45,Xynn,Xynn's Mix Tapes 2,Expert,Single,20,Fever Dream,205,10176,694,13.54,607,0,0,43,0.8746,0.906,14.12,12.76,12.87,3 (2) 15 16 (4) 7 1 53 56 (8) 8 (2) 31 64 97 (12) 2 (2) 1 1 2 1 5 (2) 1 3 10 (2) 6 96 7 22 23 15 (9) 15 15 15 16,200,518.3150357,18,53,1,128,850,978,484,3000,1000,3978,4978,
46,Xynn,Xynn's Inferno,Expert,Single,20,The Fourth Circle - Greed,200,10327,719,14.38,625,0,0,48,0.8693,0.9178,13.02,12.02,12.53,11 19 19 15 57 19 (2) 44 (2) 41 (7) 1 (2) 58 (2) 4 (2) 5 24 (3) 26 (2) 4 (2) 4 (2) 24 1 (2) 212 (14) 15 16 (6) 6,200,544.8499341,20,53,1,22,950,972,457,3000,1000,3972,4972,
47,mang,pack.dat.4,Expert,Single,20,Postlude Evangelist,199,19584,1391,27.82,1143,0,0,193,0.8217,0.838,5.92,11.77,11.85,15 15 15 23 7 15 6 (2) 16 (8) 43 (10) 3 3 6 (2) 3 2 55 (4) 64 (2) 1 (3) 2 (3) 39 (2) 11 32 (3) 11 12 (4) 15 16 (4) 39 22 (8) 63 16 (25) 47 16 (12) 6 (2) 15 15 (9) 63 30 (2) 64 (20) 19 16 (8) 7 7 7 (2) 15 15 8 (4) 2 17 (8) 56 (8) 19 31 (8) 8 15 (17) 8 (4) 7 31 15 (9) 14,200,861.4630616,21,53,1,0,1000,1000,586,3000,1000,4000,5000,
48,ITGAlex,ITGAlex's Stamina Safari,Expert,Single,20,Plateau,218,4398,332,6.09,248,0,0,45,0.747,0.8407,5.51,12.56,12.95,79 60 11 (40) 20 (5) 78,210,187.8786179,12,53,1,405,550,955,378,3000,1000,3955,4955,
49,Xynn,Xynn's Mix Tapes 2,Expert,Single,20,Suspyre,216,5906,428,11.89,336,2,0,60,0.7897,0.8471,5.63,8.56,8.75,1 (5) /1/ /1/ (3) 3 (2) 10 (2) 4 (3) 1 (5) 9 (2) 1 (3) 9 (2) 64 (3) 22 (10) 79 (10) 2 (3) 9 (3) 75 (4) 47,210,257.6527417,14,53,1,362,650,1012,641,3000,1000,4012,5012,
50,mang,Stamina Secret Santa 2025,Expert,Single,20,Something About Silence FB 213,213,5799,415,7.79,343,0,0,40,0.8265,0.8662,8.57,13,12.99,14 (2) 14 (2) 15 14 (2) 30 (2) 15 19 8 (16) 17 (7) 3 (2) 2 1 13 11 3 21 (3) 3 (2) 26 11 4 14 (2) 6 23 56,210,272.5732341,15,53,1,298,700,998,577,3000,1000,3998,4998,
51,SirDelins,Delins Incredibly Cool Content 2,Expert,Single,20,Nightbreed,210,6577,471,8.97,404,0,0,0,0.8577,0.9712,0,12.4,13.81,31 15 15 31 31 31 31 15 47 95 15 15 32,210,385.545149,16,53,1,235,750,985,517,3000,1000,3985,4985,
52,SirDelins,title tba,Expert,Single,20,"Urn, Pt. I And Within the Void We Are Breathless",225,2864,216,3.84,165,0,0,24,0.7639,0.873,6.88,13.7,14.07,141 (12) 12 (12) 12,220,132.7720724,9,53,1,554,400,954,374,3000,1000,3954,4954,
53,Raijin,Raijin's Relaxing Resort,Expert,Single,20,Gekidou,226,3602,268,4.74,207,0,0,41,0.7724,0.8214,5.05,12.75,13.22,15 (9) 10 (2) 17 24 (2) 19 13 30 (24) 30 (4) 3 46,220,151.0977033,10,53,1,575,450,1025,701,3000,1000,4025,5025,
54,Xynn,Xynn's Mix Tapes 2,Expert,Single,20,City Of Ice,222,3652,240,4.32,219,0,0,8,0.9125,0.9648,27.38,14.25,14.6,38 (2) 38 (2) 46 (2) 32 (2) 65,220,206.7967868,13,53,1,490,600,1090,1000,3000,1000,4090,5090,
55,tyler.exe,tyler.exe,Expert,Single,20,Angreifer,220,4873,370,13.45,269,0,0,65,0.727,0.7843,4.14,6.24,6.42,12 11 (21) 40 7 (4) 33 22 7 (4) 17 (5) 13 (7) 8 8 (4) 31 7 (5) 4 (15) 16 7 6 20,220,182.3575816,11,53,1,447,500,947,342,3000,1000,3947,4947,
56,nv,epic,Expert,Single,20,Flash in the Night,237,1345,92,1.54,84,0,0,0,0.913,1,0,15.81,15.8,/56/,230,84,5,53,1,809,200,1009,627,3000,1000,4009,5009,
57,Xynn,BLACKLIGHT,Expert,Single,20,What You Gonna Do About It,234,2247,182,3.11,130,0,0,31,0.7143,0.7647,4.19,12.74,12.84,1 (5) 15 25 (2) 3 3 3 1 (2) 2 (2) 11 25 (18) 3 3 3 1 (2) 28 3,230,84.63092674,6,53,1,745,250,995,563,3000,1000,3995,4995,
58,nv,epicer,Expert,Single,20,Chocolate Groove,230,2851,229,3.98,159,0,0,51,0.6943,0.7536,3.12,12.25,12.7,6 (2) 32 (18) 23 6 (4) 30 (2) 23 (9) 16 (16) 23,230,101.1166209,7,53,1,660,300,960,401,3000,1000,3960,4960,
59,Janus5k,Mozee Metal Reforged,Expert,Single,20,Denial of Fate,230,2853,207,3.6,162,0,0,16,0.7826,0.871,10.12,13.34,14.25,17 7 7 37 7 7 20 (16) 31 15 14,230,129.8805331,8,53,1,660,350,1010,632,3000,1000,4010,5010,
60,Archi,Stream Fantasy,Expert,Single,20,Blinded By Light (Hard),246,1567,160,2.61,84,0,0,36,0.525,0.7,2.33,10.3,12.43,/28/ (24) /28/,240,47.47184928,2,53,1,1000,50,1050,816,3000,1000,4050,5050,
61,StarrySergal,StarryPop,Expert,Single,20,Sour Candy,240,1752,157,2.62,100,0,0,39,0.6369,0.7194,2.56,11.76,12.34,48 (18) 26 (18) 13 (3) 13,240,59.04086254,4,53,1,873,150,1023,692,3000,1000,4023,5023,
62,JWong,Posty,Expert,Single,20,Wrapped Around Your Finger,240,1955,195,3.25,106,0,0,54,0.5436,0.6625,1.96,10.34,11.68,14 (2) 16 (16) 48 (16) 16 (20) 12,240,54.85336535,3,53,1,873,100,973,461,3000,1000,3973,4973,
63,Sefirot,Sefirot'S SimfileS 6,Expert,Single,20,Red Wonderland,240,2292,197,3.28,107,0,0,77,0.5431,0.5815,1.39,11.88,12.04,15 (33) 31 (33) 16 (8) 14 (3) 31,240,44.94313137,1,53,1,873,0,873,0,3000,1000,3873,4873,
64,SirDelins,World's End Stamina,Expert,Single,21,Infinita Memoria,218,5489,346,6.35,340,0,0,0,0.9827,0.9884,0,14.49,14.49,71 7 107 19 136,210,333.7115943,15,74,1,191,700,891,0,4000,1000,4891,5891,
65,tev,Xynn's Mix Tapes 2,Expert,Single,21,Equus,215,8248,583,10.85,489,0,0,65,0.8388,0.8827,7.52,12.96,13.16,24 (24) 24 (24) 96 (3) 12 (2) 166 (12) 167,210,400.50677,18,74,1,120,850,970,365,4000,1000,4970,5970,
66,Xynn,Xynn's Inferno,Expert,Single,21,The Fifth Circle - Wrath,210,9802,651,12.4,594,0,0,28,0.9124,0.9444,21.21,13.44,13.55,15 (7) 47 11 27 44 (4) 48 (4) 36 (2) 1 (2) 7 27 (2) 17 1 8 158 (7) 147,210,542.0458334,20,74,1,0,950,950,272,4000,1000,4950,5950,
67,SirDelins,Delins Incredibly Cool Content 2,Expert,Single,21,bangin weeb shit,214,9992,667,12.47,601,0,0,43,0.901,0.926,13.98,13.4,13.62,32 (16) 31 31 32 (14) 1 (9) 138 (2) 68 (2) 149 32 47 40,210,531.4373217,19,74,1,96,900,996,484,4000,1000,4996,5996,
68,Appe Dispolca mang,pack.dat.4,Expert,Single,21,Obscured Aetheris,214,14342,1107,20.69,855,0,0,230,0.7724,0.7815,3.72,11.69,11.69,16 (2) 28 (2) 52 (2) 16 (8) 1 (5) 18 (2) 47 8 (7) 1 (7) 16 7 17 1 3 32 (16) 32 (8) 24 (2) 8 23 (4) 36 (4) 22 (2) 16 (2) 16 (4) 48 (4) 32 (8) 6 (2) 14 (2) 32 (6) 30 (32) 14 (2) 30 (2) 32 (16) 16 (7) 1 2 (9) 23 (33) 16 (16) 32 (4) 32 (8) 40 (2) 7 8,210,576.3051313,21,74,1,96,1000,1096,945,4000,1000,5096,6096,
69,tyler.exe,tyler.ini,Expert,Single,21,Rohododendron,226,3528,223,3.95,220,0,0,0,0.9865,1,0,15.03,15.07,220,220,220,14,74,1,381,650,1031,646,4000,1000,5031,6031,
70,yutsi,selected yutsi works vol. 2,Expert,Single,21,Dark Sun,225,4470,344,6.12,268,0,0,26,0.7791,0.8645,10.31,13.1,13.48,15 7 7 30 8 7 31 7 7 7 7 (17) 10 13 (5) 1 (2) 15 15 7 15 15 38 (2) 6,220,212.3042999,13,74,1,358,600,958,309,4000,1000,4958,5958,
71,SirDelins,Delins Incredibly Cool Content,Expert,Single,21,GRAVITY,220,6268,420,7.64,370,0,0,0,0.881,0.961,0,14.08,14.46,16 31 47 17 21 23 63 1 29 15 7 7 15 7 7 64,220,347.1835538,17,74,1,239,800,1039,683,4000,1000,5039,6039,
72,Kyy SirDelins,Dose of Delins,Expert,Single,21,Turbofunk,225,7028,517,9.19,411,0,0,38,0.795,0.8858,10.82,13.28,14.16,15 31 7 6 (2) 14 (2) 15 15 9 7 5 8 (16) 51 58 (2) 16 (16) 27 1 51 1 1 1 72,220,338.5157684,16,74,1,358,750,1108,1000,4000,1000,5108,6108,
73,Levitas,QWESTA,Expert,Single,21,Heart of Concrete,235,2653,194,3.3,162,0,0,15,0.8351,0.9153,10.8,14.12,14.52,81 (15) 81,230,140.610112,10,74,1,596,450,1046,715,4000,1000,5046,6046,
74,Xynn,Xynn's Mix Tapes 2,Expert,Single,21,Old Nothing FB 235,235,3060,222,3.78,177,0,0,17,0.7973,0.851,10.41,14.34,14.38,6 (2) 25 2 (2) 3 2 (2) 19 1 1 8 (2) 9 2 (2) 1 1 2 (2) 2 (2) 52 (3) 6 12 3 3 7 3 7,230,136.7289764,9,74,1,596,400,996,484,4000,1000,4996,5996,
75,JWong,shit,Expert,Single,21,Yoru ni Kakeru (HOME TAKE ver.),230,3212,234,4.07,190,0,0,24,0.812,0.8837,7.92,13.8,14.04,15 30 (2) 29 (3) 78 (19) 38,230,155.8982962,11,74,1,477,500,977,397,4000,1000,4977,5977,
76,StoryTime,Arc Stream Works,Expert,Single,21,Communication,232,3911,277,4.78,230,0,0,32,0.8303,0.8779,7.19,13.8,14.05,16 (2) 64 (2) 48 (16) 28 (4) 16 (2) 16 (6) 42,230,186.7411008,12,74,1,524,550,1074,844,4000,1000,5074,6074,
77,StarrySergal,World's End Stamina,Expert,Single,21,FORBIDDEN,245,1747,135,2.21,104,0,0,12,0.7704,0.8889,8.67,14.13,15.03,15 32 (8) 24 (4) 33,240,86.13863575,5,74,1,834,200,1034,659,4000,1000,5034,6034,
78,JWong,Big Wong,Expert,Single,21,MOYA,246,2674,226,3.67,148,0,0,40,0.6549,0.7789,3.7,12.69,13.84,7 3 (5) 30 (18) 11 (5) 30 (2) 16 (8) 7 30 (2) 14,240,99.22758955,6,74,1,858,250,1108,1000,4000,1000,5108,6108,
79,Perusal,Stamina Secret Santa 2022,Expert,Single,21,S4y G00dby3,240,2398,176,2.93,148,0,0,13,0.8409,0.9024,11.38,14.62,14.62,27 16 49 24 (13) 32,240,125.574152,7,74,1,715,300,1015,572,4000,1000,5015,6015,
80,StoryTime,Arc Stream Works,Expert,Single,21,Holy Orders III (Be Just or Be Dead),240,2907,256,4.27,173,0,0,36,0.6758,0.8278,4.81,12.92,13.6,56 (8) 56 (26) 34 (2) 27,240,127.8576678,8,74,1,715,350,1065,802,4000,1000,5065,6065,
81,tyler.exe,tyler.ini,Expert,Single,21,HEY FUCKER,250,1781,153,2.45,85,0,0,42,0.5556,0.6641,2.02,12.62,13.57,15 (33) 31 15 (9) 24,250,44.15628158,1,74,1,953,0,953,286,4000,1000,4953,5953,
82,SirDelins,Delins Incredibly Cool Content 2,Expert,Single,21,Hadean Heart,252,1853,184,2.92,96,0,0,24,0.5217,0.8,4,12.24,14.24,48 (24) 48,250,67.17616582,3,74,1,1000,100,1100,964,4000,1000,5100,6100,
83,tyler.exe,Big Waves,Expert,Single,21,I Love It (Restep),252,1944,162,2.57,112,0,0,48,0.6914,0.7,2.33,12.76,12.75,8 (16) 32 (16) 48 (16) 24,250,63.29579904,2,74,1,1000,50,1050,733,4000,1000,5050,6050,
84,t3a,Cafe Assam,Expert,Single,21,After LIKE,250,2279,184,2.94,132,0,0,44,0.7174,0.75,3,13.41,13.48,16 (14) 34 (2) 14 (14) 34 (14) 34,250,83.30516955,4,74,1,953,150,1103,977,4000,1000,5103,6103,
85,SirDelins,Delins Incredibly Cool Content 2,Expert,Single,22,15 Days of Silence,228,6729,490,8.6,401,0,0,23,0.8184,0.8971,17.43,13.78,14.25,7 7 15 13 (3) 4 2 7 15 7 15 16 (8) 7 88 (4) 15 3 7 7 7 15 16 (8) 7 23 7 47 7 7 23 7,220,337.0464392,16,95,1,178,750,928,350,5000,1000,5928,6928,
86,StoryTime,The Main Ingredient 2020,Expert,Single,22,For Creatures Such As Whee FP 225,225,6697,444,7.89,410,0,0,16,0.9234,0.9382,25.62,14.37,14.36,1 159 1 3 3 3 19 3 3 3 132 (16) 16 64,220,370.2171579,17,95,1,112,800,912,297,5000,1000,5912,6912,
87,SirDelins,World's End Stamina,Expert,Single,22,Peyotech Madness,227,8014,577,10.17,467,0,0,35,0.8094,0.8778,13.34,13.46,14.04,8 7 7 8 (8) 15 31 15 15 7 15 15 2 4 7 31 7 40 8 8 8 (16) 3 7 3 3 3 7 3 2 (2) 41 28 ~1~ (7) 32 (2) 3 4 22 48,220,379.0965246,18,95,1,156,850,1006,610,5000,1000,6006,7006,
88,Archi,Big Waves,Expert,Single,22,NO MORE GAMES (Part 2) ~Speedcore To Witness The End Of Times To~,225,9832,696,12.37,584,0,0,96,0.8391,0.8488,6.08,13.4,13.4,80 (48) 48 (8) 6 (2) 12 (3) 4 2 (8) 2 (6) 1 (2) 1 (5) 1 (2) 1 (3) 1 1 (7) 30 (2) 95 47 159 7 31 7 48,220,449.2638149,20,95,1,112,950,1062,797,5000,1000,6062,7062,
89,DRILLBOT Zorropanda,DRILLBOT HISTAM V2,Expert,Single,22,ureshii!,220,14085,1038,18.87,809,0,0,210,0.7794,0.7931,3.85,12.55,12.6,30 (17) 1 (4) 36 (20) 4 (4) 20 (4) 20 (8) 56 (2) 48 (8) 80 (16) 46 31 (4) 148 (18) 1 (21) 20 (4) 64 (32) 80 (18) 56 (30) 68,220,558.3072165,21,95,1,0,1000,1000,590,5000,1000,6000,7000,
90,Xynn & tyler.exe,title tba,Expert,Single,22,Ultra Motion,233,4383,295,5.06,270,0,0,15,0.9153,0.9474,18,14.72,14.87,21 (8) 184 (7) 65,230,247.6379344,14,95,1,289,650,939,387,5000,1000,5939,6939,
91,SirDelins,Delins Incredibly Cool Content,Expert,Single,22,Altered Consciousness,230,4883,338,5.88,298,0,0,33,0.8817,0.8869,9.03,13.93,13.92,15 15 15 31 (33) 63 95 64,230,245.9323796,13,95,1,223,600,823,0,5000,1000,5823,6823,
92,SirDelins,Dose of Delins,Expert,Single,22,So Damn Tough (JUNXPUNX Remix),230,5283,412,7.17,319,0,0,30,0.7743,0.9088,10.63,13.83,14.27,15 (2) 48 (18) 30 33 (2) 32 (2) 15 48 (4) 32 (2) 66,230,273.7410901,15,95,1,223,700,923,334,5000,1000,5923,6923,
93,zaniel,Goreshit 2020,Expert,Single,22,goretrance x (Side A) (serbian fuckboy edition),230,7065,466,8.1,438,0,0,6,0.9399,0.9733,73,14.66,15.02,81 64 (2) 64 39 48 79 16 (4) 31 16,230,419.4390566,19,95,1,223,900,1123,1000,5000,1000,6123,7123,
94,Xynn,BLACKLIGHT,Expert,Single,22,Tamp Tamp Tamp,246,3321,266,4.33,184,0,0,22,0.6917,0.8846,8.36,13.3,14.9,15 14 (2) 30 (2) 32 (16) 31 30 (2) 32,240,151.2212832,11,95,1,578,500,1078,850,5000,1000,6078,7078,
95,Sefirot,Sefirot'S SimfileS 5,Expert,Single,22,Taboo Assembly,240,3379,240,4,195,0,0,28,0.8125,0.8515,6.96,14.32,14.54,1 (6) 1 7 32 (8) 9 57 7 7 24 (10) 32 (4) 18,240,150.7752492,10,95,1,445,450,895,240,5000,1000,5895,6895,
96,tyler.exe,tyler.ini,Expert,Single,22,Le Perv,240,3748,257,4.28,220,0,0,32,0.856,0.8594,6.88,14.7,14.64,14 (2) 14 (2) 14 (2) 36 (4) 4 (4) 16 (16) 46 (2) 47 19 3 3 4,240,172.6375403,12,95,1,445,550,995,574,5000,1000,5995,6995,
97,yutsi,yutsi-type beats,Expert,Single,22,Ka$cade,240,4046,324,5.4,233,0,0,75,0.7191,0.7565,3.18,13.03,13.08,/42/ (2) /15/ (14) 1 /36/ (33) /62/,240,149.0905829,9,95,1,445,400,845,74,5000,1000,5845,6845,
98,Mad Matt & Raijin,the,Expert,Single,22,Extratone Pirates,250,1893,147,2.35,104,0,0,12,0.7075,0.8889,8.67,13.98,15.37,16 (8) 14 (4) 31 43,250,86.13863575,6,95,1,667,250,917,314,5000,1000,5917,6917,
99,JWong,Big Wong,Expert,Single,22,You're Gonna Go Far Kid,252,2257,186,2.95,130,0,0,36,0.6989,0.7831,3.61,13.04,13.91,22 (2) 18 (16) 22 (2) 34 (16) 34,250,87.91255673,7,95,1,712,300,1012,630,5000,1000,6012,7012,
100,Xynn,BLACKLIGHT,Expert,Single,22,Feels Good,250,2326,217,3.47,138,0,0,34,0.6359,0.7886,4.06,12.11,13.54,15 15 30 15 (34) 63,250,94.37346977,8,95,1,667,350,1017,647,5000,1000,6017,7017,
101,StarrySergal,Stamina Alley,Expert,Single,22,Mechanical Love,255,2697,227,3.55,141,0,0,77,0.6211,0.6468,2.15,12.91,13,/7/ (16) 1 /23/ (3) /5/ (16) 1 /23/ 1 (7) 1 /9/ (4) 1 /27/,250,70.21843254,5,95,1,778,200,978,517,5000,1000,5978,6978,
102,JWong,Kpoop,Expert,Single,22,Magnetic,262,1766,156,2.38,101,0,0,39,0.6474,0.6966,2.59,12.68,13.12,24 (8) 19 7 2 8 (8) 13 (23) 19 7 2,260,56.63630684,4,95,1,934,150,1084,870,5000,1000,6084,7084,
103,tyler.exe,Linkin Pack,Expert,Single,22,No More Sorrow,265,1947,243,3.66,101,0,0,90,0.4156,0.5288,1.12,9.56,10.64,17 (2) 2 (2) 1 (24) 20 (24) 20 (15) 2 (23) 39,260,36.440782,1,95,1,1000,0,1000,590,5000,1000,6000,7000,
104,NAOKI,Enjou Stamina Package,Expert,Single,22,Sendan Life (Restep) (katagiri Bootleg),260,2089,185,2.85,104,0,0,66,0.5622,0.5876,1.58,12.37,12.55,6 (2) 7 8 (16) 15 6 (10) 8 (16) 15 3 3 3 3 (20) 15 6 (2) 6,260,44.41853173,2,95,1,889,50,939,387,5000,1000,5939,6939,
105,Xynn,BLACKLIGHT,Expert,Single,22,Pogo People,260,1955,179,2.75,106,0,0,52,0.5922,0.6667,2.04,12.84,12.97,13 (34) 32 (16) 15 16 (2) 30,260,55.41082208,3,95,1,889,100,989,554,5000,1000,5989,6989,
106,SirDelins,Delins Incredibly Cool Content 2,Expert,Single,23,Package From Paradise,236,5418,366,6.2,328,0,0,10,0.8962,0.9318,32.8,14.97,15.12,47 8 3 18 31 80 (4) 7 6 (2) 3 11 15 15 14 (2) 15 7 23 7 6 (2) 12,230,292.9477546,16,116,1,131,750,881,81,6000,1000,6881,7881,
107,SirDelins,World's End Stamina,Expert,Single,23,Desire FB 237,237,6610,435,7.34,405,0,0,8,0.931,0.9574,50.62,15.39,15.4,15 15 23 40 (4) 7 7 15 32 (4) 31 15 67 7 131,230,377.7500237,18,116,1,153,850,1003,839,6000,1000,7003,8003,
108,SirDelins,Delins Incredibly Cool Content 3,Expert,Single,23,I Contain Multitudes,235,6879,445,7.57,429,0,0,2,0.964,0.9931,214.5,15.56,15.58,158 (2) 215 56,230,424.2736529,19,116,1,109,900,1009,876,6000,1000,7009,8009,
109,Xynn,Xynn's Inferno,Expert,Single,23,The Seventh Circle - Violence FB 233,233,9252,634,10.88,554,0,0,41,0.8738,0.9052,13.51,14.44,14.57,3 10 14 (3) 29 (2) 34 (2) 1 16 3 10 14 37 (2) 33 44 (2) 1 2 (2) 9 15 16 (8) 15 16 16 127 16 (8) 16 (2) 6 (2) 4 (2) 8 (2) 14 (4) 3 15 7,230,472.3903717,20,116,1,66,950,1016,920,6000,1000,7016,8016,
110,Kyy,Big Waves,Expert,Single,23,Kyypakkaotik,230,21380,1619,28.16,1240,0,0,293,0.7659,0.7913,4.23,12.88,13.02,15 7 6 (2) 14 (2) 16 (16) 15 48 (40) 30 (2) 14 (2) 15 14 (2) 47 6 (2) 23 14 (2) 13 (3) 14 (2) 23 6 (34) 14 (2) 27 11 7 15 15 6 (2) 7 22 (2) 11 14 (2) 15 14 (10) 13 (3) 14 (2) 15 14 (5) 6 (2) 6 (2) 10 (6) 14 (2) 12 (4) 16 (2) 15 14 (2) 14 (2) 13 (3) 14 (2) 13 (3) 7 6 (18) 32 (16) 7 6 (2) 14 (26) 79 46 (2) 14 (2) 15 11 2 (2) 8 (4) 7 4 (6) 7 7 14 (2) 3 3 3 19 70 (2) 15 12 (36) 15 14 (2) 31 3 2 (2) 14 (2) 7 6 (2) 16,230,852.643627,21,116,1,0,1000,1000,820,6000,1000,7000,8000,
111,SirDelins,Release the Simfiles,Expert,Single,23,No More Tears,246,4995,360,5.85,304,0,0,32,0.8444,0.9048,9.5,15.06,15.22,128 (16) 64 (16) 112,240,259.0345718,13,116,1,348,600,948,497,6000,1000,6948,7948,
112,SirDelins,World's End Stamina,Expert,Single,23,Aeromantie,240,5525,441,7.35,321,0,0,29,0.7279,0.8819,11.07,13.28,14.75,10 (2) 31 63 14 (2) 24 (8) 44 2 8 (2) 5 15 7 7 16 (12) 3 15 15 7 7 7 13 (3) 8,240,262.5282119,14,116,1,218,650,868,0,6000,1000,6868,7868,
113,Okami,BaguetteStreamz 2.5,Expert,Single,23,Alice in Underground FP 242,242,5932,407,6.73,339,0,0,48,0.8329,0.8737,7.06,14.81,15.16,36 (3) 45 (3) 46 46 (26) 43 (4) 85 (3) 31 (9) 7,240,273.1363084,15,116,1,261,700,961,578,6000,1000,6961,7961,
114,Janus5k,Mozee Metal Reforged,Expert,Single,23,Queen of the Dark Horizons,240,7798,602,10.03,452,0,0,117,0.7508,0.7944,3.86,13.17,13.49,16 (16) 46 (2) 20 (16) 35 (16) 46 (2) 20 (18) 80 (13) 1 (10) 38 (18) 52 (4) 62 (2) 36,240,312.7528037,17,116,1,218,800,1018,932,6000,1000,7018,8018,
115,tyler.exe,Big Waves,Expert,Single,23,Soul of a Robot,252,2550,177,2.81,155,0,0,12,0.8757,0.9281,12.92,15.84,15.91,6 (2) 46 (2) 72 (8) 31,250,137.5572023,10,116,1,479,450,929,379,6000,1000,6929,7929,
116,Xynn,BLACKLIGHT,Expert,Single,23,Skullclub,256,3002,267,4.17,171,0,0,46,0.6404,0.7634,3.72,12.91,14.07,3 3 3 3 (2) 2 7 1 (3) 39 6 (2) 16 (32) 14 (3) 13 (2) 14 (2) 15 32,250,111.0195747,9,116,1,566,400,966,609,6000,1000,6966,7966,
117,tyler.exe,The Sound Of Speed,Expert,Single,23,Oil Ocean Zone,250,3100,225,3.6,184,0,0,14,0.8178,0.9293,13.14,15.02,15.9,40 (2) 40 (2) 56 (10) 48,250,163.6316548,11,116,1,435,500,935,417,6000,1000,6935,7935,
118,JWong,shit,Expert,Single,23,Panorama,252,3296,231,3.67,198,0,0,19,0.8571,0.9041,10.42,15.25,15.6,7 46 (2) 31 (3) 46 (2) 31 (9) 7 (3) 8 22,250,168.5045146,12,116,1,479,550,1029,1000,6000,1000,7029,8029,
119,Levitas,Stamina Showcase 3,Expert,Single,23,Whatever it means,260,1484,109,1.68,89,0,0,2,0.8165,0.978,44.5,16.24,17.08,50 (2) 39,260,85.8879376,8,116,1,653,350,1003,839,6000,1000,7003,8003,
120,StarrySergal,Enjou Stamina Package,Expert,Single,23,Nhelv,262,1845,163,2.5,106,0,0,34,0.6503,0.7571,3.48,12.91,13.74,/7/ /4/ (2) /1/ /32/ (7) 1 /8/ (7) 1 /7/ (3) /2/ (2) /10/,260,67.91270972,5,116,1,696,200,896,174,6000,1000,6896,7896,
121,Kyy,Kyypakkaus 2,Expert,Single,23,Amen-kun,260,1950,155,2.38,107,0,0,11,0.6903,0.8359,9.73,14.57,15.56,15 7 3 3 7 3 3 16 (8) 7 3 1 7 (3) 32,260,80.32129429,7,116,1,653,300,953,528,6000,1000,6953,7953,
122,JWong,shit,Expert,Single,23,In Tango,264,2524,226,3.42,139,0,0,59,0.615,0.6847,2.36,12.56,13.45,15 15 15 7 8 (8) 15 16 (16) 16 (19) 1 (16) 31,260,75.82550735,6,116,1,740,250,990,758,6000,1000,6990,7990,
123,yutsi,selected yutsi works,Expert,Single,23,Dram Refresh (Dma 0) (Hard),276,1181,118,1.71,43,0,0,18,0.3644,0.7049,2.39,13.06,15.76,1 (3) 1 (7) 1 (8) 40,270,24.57380867,1,116,1,1000,0,1000,820,6000,1000,7000,8000,
124,JWong,Kpoop,Expert,Single,23,ETA,270,1489,154,2.28,78,0,0,50,0.5065,0.6094,1.56,11.63,12.61,14 (18) 32 (32) 32,270,35.31331777,2,116,1,870,50,920,323,6000,1000,6920,7920,
125,Sefirot,Sefirot'S SimfileS 5,Expert,Single,23,Heaven's vengeance,270,1891,155,2.3,92,0,0,49,0.5935,0.6479,1.88,14.28,14.4,1 (7) 1 27 (16) 40 (12) 1 (14) 22,270,45.94101597,4,116,1,870,150,1020,945,6000,1000,7020,8020,
126,Dispolca,Koffee,Expert,Single,23,Perfect World,270,1955,203,3.01,96,0,0,66,0.4729,0.5926,1.45,11.28,12.55,32 (34) 32 (32) 32,270,41.5613713,3,116,1,870,100,970,634,6000,1000,6970,7970,
127,SirDelins,Delins Leftover Box,Expert,Single,24,Eurobeat Is Fantastic ~Part 4~,240,9774,690,11.5,561,0,0,88,0.813,0.8644,7.17,14.23,14.28,/7/ /15/ (2) /8/ /6/ (2) /15/ (2) /7/ /8/ /6/ (2) /15/ (4) /7/ /7/ /6/ (2) /15/ (4) /3/ /8/ /15/ 1 (2) /7/ /7/ 1 /7/ /23/ /7/ /3/ /3/ (5) /6/ (2) /6/ (2) /8/ /6/ (2) /6/ (2) /2/ (2) /2/ (2) /6/ (2) /8/ /6/ (3) /8/ (9) 1 /16/ (2) /4/ 1 /3/ /15/ /6/ 1 /8/ /15/ /6/ 1 /16/ /16/,240,444.3308571,17,137,1,0,800,800,0,7000,1000,7800,8800,
128,Xynn,Xynn's Inferno,Expert,Single,24,The Eighth Circle - Fraud,240,9262,618,10.3,572,0,0,35,0.9256,0.9423,16.34,15.18,15.24,21 (8) 232 (7) 41 (8) 86 (8) 112 (2) 24 (2) 56,240,520.1142283,18,137,1,0,850,850,143,7000,1000,7850,8850,
129,SirDelins,Delins Incredibly Cool Content,Expert,Single,24,Satanic Static,240,10292,748,12.47,618,0,0,20,0.8262,0.9251,30.9,14.37,15.39,15 7 23 79 15 15 35 3 3 3 15 47 10 21 (16) 7 7 7 7 7 7 7 15 15 15 55 15 24 (4) 22 16 31 31 15 24,240,545.6201047,19,137,1,0,900,900,286,7000,1000,7900,8900,
130,Kyy Tuuc Los,Release the Simfiles,Expert,Single,24,Eurobeat Is Fantastic ~Part 2~,240,12743,891,14.85,768,0,0,75,0.862,0.911,11.77,14.37,14.4,/8/ /16/ /15/ /7/ /16/ /15/ /7/ /16/ (3) /6/ (2) /8/ /7/ /7/ /15/ 1 /7/ /7/ /7/ /7/ /15/ 1 (2) /5/ /7/ /7/ /7/ /2/ (2) /8/ /23/ 1 (2) /14/ (2) /16/ /23/ /16/ /11/ (2) /7/ 1 /12/ (4) /23/ 1 /8/ (3) 1 (4) /40/ (10) /15/ /7/ /15/ /15/ /7/ /15/ /8/ (8) /15/,240,661.592576,20,137,1,0,950,950,429,7000,1000,7950,8950,
131,Zaia,Big Waves,Expert,Single,24,Summer Vibes Vol. 1-3 (Side A),240,21163,1626,27.1,1221,0,0,366,0.7509,0.7603,3.34,13.1,13.13,96 (32) 4 (4) 4 (4) 16 (2) 10 (4) 4 (4) 4 (4) 16 15 (10) 14 (2) 14 (2) 12 (4) 14 (2) 14 (2) 12 (4) 14 (13) 24 (9) 31 (17) 39 (18) 29 (9) 20 (4) 35 18 (2) 14 (2) 14 (10) 6 (2) 14 (18) 14 (2) 24 (8) 31 8 (8) 32 (32) 48 (12) 32 (9) 16 (16) 30 (2) 47 14 (14) 24 13 (2) 30 (2) 30 (2) 14 (38) 16 14 16 (20) 16 14 (3) 30 (2) 15 15 7 1 5 14 (2) 15 30 (2) 15 7 14 (2) 14 (2) 7 7 7 14 (2) 14,240,787.5745047,21,137,1,0,1000,1000,572,7000,1000,8000,9000,
132,yutsi,yutsi B-sides,Expert,Single,24,To Make the End of Battle,255,3377,224,3.51,207,0,0,7,0.9241,0.9628,29.57,16.31,16.51,76 85 (7) 46,250,194.8175494,13,137,1,375,600,975,500,7000,1000,7975,8975,
133,JWong,69 Bayard,Expert,Single,24,Mr. Simple,256,3755,255,3.98,230,0,0,14,0.902,0.9426,16.43,16.22,16.35,112 (8) 40 (4) 16 (2) 62,250,209.2433829,14,137,1,400,650,1050,715,7000,1000,8050,9050,
134,SirDelins,title tba,Expert,Single,24,Gila Monster,250,4350,289,4.62,268,0,0,11,0.9273,0.9606,24.36,16.13,16.18,224 (11) 44,250,251.3060394,16,137,1,250,750,1000,572,7000,1000,8000,9000,
135,SirDelins,Delins Incredibly Cool Content 2,Expert,Single,24,Lady (Hear Me Tonight),252,4411,322,5.11,270,0,0,32,0.8385,0.8882,8.44,15.24,15.23,31 79 80 (32) 80,250,223.3474479,15,137,1,300,700,1000,572,7000,1000,8000,9000,
136,zaniel,Zaniel's Junts 2,Expert,Single,24,Blinded by Fear (At The Gates Cover),260,2437,172,2.65,151,0,0,0,0.8779,0.9869,0,16.92,17.16,81 31 39,260,147.8475001,12,137,1,500,550,1050,715,7000,1000,8050,9050,
137,StoryTime,Arc Stream Works,Expert,Single,24,Flash Hider,260,2907,219,3.37,170,0,0,32,0.7763,0.8333,5.31,14.58,15.3,9 41 48 (32) 72,260,126.9787748,10,137,1,500,450,950,429,7000,1000,7950,8950,
138,Xynn,BLACKLIGHT,Expert,Single,24,All The People,266,3140,262,3.94,174,0,0,48,0.6641,0.7838,3.62,14.5,15,30 (2) 24 (8) 30 (2) 30 (34) 30 (2) 30,260,117.8359108,9,137,1,650,400,1050,715,7000,1000,8050,9050,
139,JWong,Big Wong,Expert,Single,24,Russian Roulette,260,2986,227,3.49,178,0,0,30,0.7841,0.8558,5.93,14.91,15.33,30 (2) 29 (3) 30 (2) 29 (21) 29 (2) 31,260,138.7444609,11,137,1,500,500,1000,572,7000,1000,8000,9000,
140,tyler.exe,Big Waves,Expert,Single,24,Rainbow Tylenol,270,1605,123,1.82,92,0,0,22,0.748,0.807,4.18,14.92,15.47,2 (8) 32 (8) 32 (6) 26,270,65.28080225,7,137,1,750,300,1050,715,7000,1000,8050,9050,
141,Levitas,Theoretical Sharpnel Pack,Expert,Single,24,Drrrrrrr!,270,1940,189,2.8,107,0,0,42,0.5661,0.7181,2.54,12.54,13.75,/15/ (9) /15/ (17) /23/ (2) /18/,270,62.99116789,5,137,1,750,200,950,429,7000,1000,7950,8950,
142,JWong,Kpoop,Expert,Single,24,Perfect Night,272,1984,178,2.62,116,0,0,44,0.6517,0.725,2.64,13.38,13.89,6 (2) 6 (10) 32 (8) 8 (8) 32 (16) 32,270,69.34238896,8,137,1,800,350,1150,1000,7000,1000,8150,9150,
143,Dispolca,Big Waves,Expert,Single,24,LUEUR BLANCHE,272,2254,206,3.03,123,0,0,60,0.5971,0.6649,2.05,12.9,13.48,4 (16) 4 (6) 24 1 (22) 6 (2) 24 (4) 16 (6) 2 (2) 6 21 (2) 15,270,64.01993725,6,137,1,800,250,1050,715,7000,1000,8050,9050,
144,Chief Skittles,bigger waves,Expert,Single,24,RFN - III (Cut),280,1170,94,1.34,64,0,0,16,0.6809,0.8,4,14.84,15.98,48 (16) 16,280,44.78411055,2,137,1,1000,50,1050,715,7000,1000,8050,9050,
145,SirDelins,Dose of Delins,Expert,Single,24,rain of sorrow,280,1380,111,1.59,78,0,0,18,0.7027,0.8125,4.33,15.19,16.09,40 (8) 16 (8) 6 (2) 16,280,55.95153351,4,137,1,1000,150,1150,1000,7000,1000,8150,9150,
146,tyler.exe,tyler.ini,Expert,Single,24,Glory ULTRAKILL,280,1741,146,2.09,80,0,0,40,0.5479,0.6667,2,14.11,15.56,16 (8) 32 (8) 16 (24) 16,280,41.81948836,1,137,1,1000,0,1000,572,7000,1000,8000,9000,
147,JWong,Posty,Expert,Single,24,When I'm Alone,280,2071,211,3.01,113,0,0,62,0.5355,0.642,1.82,12.72,13.48,16 (6) 1 (7) 1 15 (17) 32 (16) 16 (16) 32,280,55.60764313,3,137,1,1000,100,1100,858,7000,1000,8100,9100,