relics_id,relics_name,relics_description,relics_properties,relics_source,relics_consumable,relics_portion,relics_value,relics_imageurl,formula,special,notes
0,Stone Blade,A low-level blade made from stone.<br/><br/>Somewhat enhanced by the accuracy of your attacks.,Lv. 1 AP Bonus,0,0,0,741,stoneblade.png,"ROUNDDOWN((AP*0.1),0)",,
1,Stone Knife,A low-level knife made from stone.<br/><br/>Somewhat effective against fast opponents.,Lv. 1 DP Bonus,0,0,0,294,stoneknife.png,"ROUNDDOWN((DP*0.1),0)",,
2,Stone Axe,A low-level axe made from stone.<br/><br/>Somewhat effective against large opponents.,Lv. 1 EP Bonus,0,0,0,294,stoneaxe.png,"ROUNDDOWN((EP*0.1),0)",,
3,Short Bow,"A basic bow that won't impact the effectiveness of your arrows much, but will at least allow you to make use of them.",+0 BP,0,0,0,220,shortbow.png,"If(ARROW IS EQUIPPED,0,0)",IS A BOW,ARROW MUST BE EQUIPPED
4,Stone Arrow,A low-level arrow tipped with stone.<br/><br/>Deals weak damage with a bow equipped.  Single use.,+125 BP with bow equipped,0,1,0,145,stonearrow.png,"If(BOW IS EQUIPPED,125,0)",IS AN ARROW,BOW MUST BE EQUIPPED
5,Bronze Blade,A mid-level blade made from bronze.<br/><br/>Enhanced by the accuracy of your attacks.,Lv. 2 AP Bonus,0,0,0,7441,bronzeblade.png,"ROUNDDOWN((AP*0.2),0)",,
6,Bronze Knife,A mid-level knife made from bronze.<br/><br/>Effective against fast opponents.,Lv. 2 DP Bonus,0,0,0,6249,bronzeknife.png,"ROUNDDOWN((DP*0.2),0)",,
7,Bronze Axe,A mid-level axe made from bronze.<br/><br/>Effective against large opponents.,Lv. 2 EP Bonus,0,0,0,6249,bronzeaxe.png,"ROUNDDOWN((EP*0.2),0)",,
8,Composite Bow,Bow made from a synthesis of materials to allow for improved flexibility.,+50 BP with arrow equipped,0,0,0,5357,compositebow.png,"If(ARROW IS EQUIPPED,50,0)",IS A BOW,ARROW MUST BE EQUIPPED
9,Bronze Arrow,A mid-level arrow tipped with bronze.<br/><br/>Deals good damage with a bow equipped.  Single use.,+225 BP with bow equipped,0,1,0,4463,bronzearrow.png,"If(BOW IS EQUIPPED,225,0)",IS AN ARROW,BOW MUST BE EQUIPPED
10,Mythril Blade,A high-level blade made from mythril.<br/><br/>Strongly enhanced by the accuracy of your attacks.,Lv. 3 AP Bonus,0,0,0,34241,mythrilblade.png,"ROUNDDOWN((AP*0.3),0)",,
11,Mythril Knife,A high-level knife made from mythril.<br/><br/>Strongly effective against fast opponents.,Lv. 3 DP Bonus,0,0,0,30519,mythrilknife.png,"ROUNDDOWN((DP*0.3),0)",,
12,Mythril Axe,A high-level axe made from mythril.<br/><br/>Strongly effective against large opponents.,Lv. 3 EP Bonus,0,0,0,30519,mythrilaxe.png,"ROUNDDOWN((EP*0.3),0)",,
13,Long Bow,"A large, strong bow capable of subduing powerful monsters.",+100 BP with arrow equipped,0,0,0,26424,longbow.png,"If(ARROW IS EQUIPPED,100,0)",IS A BOW,ARROW MUST BE EQUIPPED
14,Mythril Arrow,A high-level arrow tipped with mythril.<br/><br/>Deals strong damage with a bow equipped.  Single use.,+300 BP with bow equipped,0,1,0,22331,mythrilarrow.png,"If(BOW IS EQUIPPED,300,0)",IS AN ARROW,BOW MUST BE EQUIPPED
15,Bullet,Lead bullet with good penetrating power.<br/><br/>Deals incredible damage with a gun equipped.  Single use.,+500 BP with gun equipped,0,1,0,37218,bullet.png,"If(GUN IS EQUIPPED,500,0)",IS A BULLET,GUN MUST BE EQUIPPED
16,Crystal Sword,A stunningly beautiful crystal sword.<br/><br/>Incredibly enhanced by the accuracy of your attacks.,Lv. 4 AP Bonus,0,0,0,46834,crystalsword.png,"ROUNDDOWN((AP*0.4),0)",,
17,Diamond Sword,An immaculate diamond sword.<br/><br/>Maximally enhanced by the accuracy of your attacks.,Lv. 5 AP Bonus,0,0,0,69976,diamondsword.png,"ROUNDDOWN((AP*0.5),0)",,
18,Silver Stopwatch,Stopwatch imbued with time magic.,45 seconds added to break timer,0,1,0,6835,silverstopwatch.png,0,,ADDS 45 SECONDS TO BREAK TIMER
19,Accuracy Potion,"An old DPRT concoction, this potion grows more potent as you accurately defeat enemies.","At end of set, +BP equal to (1000^average song score) - 50",0,1,0,36305,accuracypotion.png,0,,"AT END OF SET: IFERROR(IF(ROUNDDOWN(1000^AVERAGE SCORE OF PASSED SONGS,0)-50<0,0,ROUNDDOWN(1000^AVERAGE SCORE OF PASSED SONGS,0)-50),0)"
20,Thorn of Greed,"Simultaneously cruel and beautiful, it is said that this weapon was forged by a master smith in the DPRT.  It grows stronger in its wielder's pursuit of financial gain.",+550 BP for Rank 1 on Lifetime Song Gold|+BP based on Lifetime Song Gold for Rank 2 and below (Max 400),0,0,0,117202,thornofgreed.png,"Iferror(if(SONG GOLD RANK IS 1ST PLACE,550,rounddown(400*(PLAYER SONG GOLD/2ND PLACE SONG GOLD),0)),0)",,
21,Baguette,"""Oh come on ! It's the best France has to offer!""<br/><br/>Nuh-uh. It isn't because it's the most successful that it is the best. In my case, it is the true and tried classic, but it is not necessarily what I'd take above all.",+BP equal to 100 * (Adj. Stream %)^3,3,1,0,178,baguette.png,"IFERROR(ROUNDDOWN(100*(STREAM PERCENT^3),0),0)",,
22,Khachapuri,"""What a contraption, it's like if someone wanted both an egg muffin and a bretzel.  The eggs look perfectly cooked as well.<br/></br>Oh and did I mention it has feta inside as well ?<br/></br>Wait it's, not feta, it's soulgouni which is a local cheese from Georgia.""<br/><br/>Interesting, but does Georgia exist in this fantasy setting...?",+BP equal to 175 * (Adj. Stream %)^3,3,1,0,1824,khachapuri.png,"IFERROR(ROUNDDOWN(175*(STREAM PERCENT^3),0),0)",,
23,Pain Brioche,"""Man, now its not even bread anymore.""<br/><br/>Well, depends on what your definition is, but this is the best sugary bread there is. Some might even use it for the legendary Saucisson Brioche, which is also an underrated french classic. ",+BP equal to 250 * (Adj. Stream %)^3,3,1,0,8411,painbrioche.png,"IFERROR(ROUNDDOWN(250*(STREAM PERCENT^3),0),0)",,
24,Fougasse,"""What does that even mean?""<br/><br/>Fogatza in ancient Occitan (old French dialect of the South Of France), which then turned into fogatza and then fougasse as time went by, this is a flatbread that you can use as a base for all kinds of pizza-style dishes, which can be as classic as the olive fougasse, or as exotic as raclette fougasse. ",+BP equal to 325 * (Adj. Stream %)^3,3,1,0,11505,fougasse.png,"IFERROR(ROUNDDOWN(325*(STREAM PERCENT^3),0),0)",,
25,Faluche,"""No idea what this is either. Is that some sort of FA-luchis shenanigans?""<br/><br/>The quintessential bread of the North branch of the French Coast Stamina. Neither a round nor flat bread but looks somewhat like a small deflated soccer ball, these deceiving looks hide true greatness. Can be used for breakfast, for lunch, for whatever you'd like, in forms ranging from just sugar inside, to what we call an ""Americain"", which is literally using this as a bun for a cheeseburger, then fill whatever space you have left with fries. Delicious isn't it?",+BP equal to 400 * (Adj. Stream %)^3,3,1,0,17191,faluche.png,"IFERROR(ROUNDDOWN(400*(STREAM PERCENT^3),0),0)",,
26,BURGER,"The ultimate burger, formed from expertly chosen ingredients in perfect harmony with one another.  You can practically taste the aura of delicious burgerness radiating from it.  Truly a divine entree.",+1000 BP|The BP here stands for Burger Points|The Burger Points don't do anything,3,1,0,8,burger.png,0,,
27,Crystal Axe,A stunningly beautiful crystal axe.<br/><br/>Incredibly effective against large opponents.,Lv. 4 EP Bonus,3,0,0,80320,crystalaxe.png,"ROUNDDOWN((EP*0.4),0)",,
28,Diamond Axe,An immaculate diamond axe.<br/><br/>Maximum effectiveness against large opponents.,Lv. 5 EP Bonus,3,0,0,120004,diamondaxe.png,"ROUNDDOWN((EP*0.5),0)",,
29,Lance of Longinus,Extremely rare holy lance.<br/><br/>Very effective against marathon beasts.,+3000 MP,3,0,1,83766,lanceoflonginus.png,+3000 MP,,
30,Ornate Hourglass,Hourglass imbued with time magic.,45 seconds added to break timer,3,1,0,11721,ornatehourglass.png,0,,ADDS 45 SECONDS TO BREAK TIMER
31,Stamina Potion,"Commissioned the Stamina Corps, these potions grow more effective as large enemies are defeated.<br/><br/>Single use.","At end of set, +BP equal to total steps of passed songs divided by 45",3,1,0,73442,staminapotion.png,0,,"AT END OF SET: ROUNDDOWN(SUMIF(SONG IS PASSED,SONG STEPS)/45,0)"
32,Mar'Day,"Wrought to chasten the massive, monstrous denizens of the wilds of the Stamina Nation.  All who have wielded this in the past have become legendary figures in the nation's history.<br/><br/>Gains extra effectivity proportionate to an enemy's size.",+100 BP per minute of song length,3,0,0,200995,marday.png,"ROUNDDOWN(SONG LENGTH*100,0)",,
33,Crystal Dagger,A stunningly beautiful crystal dagger.<br/><br/>Incredibly effective against fast opponents.,Lv. 4 DP Bonus,2,0,0,883223,crystaldagger.png,"ROUNDDOWN((DP*0.4),0)",,
34,Diamond Dagger,An immaculate diamond dagger.<br/><br/>Maximum effectiveness against fast opponents.,Lv. 5 DP Bonus,2,0,0,1377012,diamonddagger.png,"ROUNDDOWN((DP*0.5),0)",,
35,Twisted Bow,Prized bow recovered from the Chambers of Xeric.<br/><br/>Maximum effectiveness against difficult opponents with an arrow equipped.,Lv. 5 RP Bonus with arrow equipped,2,0,0,796454,twistedbow.png,"If(ARROW IS EQUIPPED,rounddown(RP/(max('Lower Songs'!$AE:$AE)/1000)*0.5,0),0)",IS A BOW,ARROW MUST BE EQUIPPED
36,Dragon Arrow,A vicious arrow tipped with a dragon fang.<br/><br/>Strongly effective against fast opponents with a bow equipped.<br/><br/>Single use.,Lv. 3 DP Bonus with bow equipped|+200 BP with bow equipped,2,1,0,281872,dragonarrow.png,"If(BOW IS EQUIPPED,ROUNDDOWN((DP*0.3),0)+200,0)",IS AN ARROW,BOW MUST BE EQUIPPED
37,Pulse Ammo,Crystalline bullets that utilize a pure alchemic infusion to draw out the strength of the one firing them.<br/><br/>Single use.,+10 BP with a gun equipped|+1 BP for each skill level in tiers 240+ with a gun equipped,2,1,0,4959398,pulseammo.png,"If(GUN IS EQUIPPED,10+240BPMSKILL+250BPMSKILL+260BPMSKILL+270BPMSKILL+280BPMSKILL+290BPMSKILL+300BPMSKILL+310BPMSKILL+320BPMSKILL+330BPMSKILL,0)",IS A BULLET,GUN MUST BE EQUIPPED
38,Severing Foffer,Made with one purpose in mind: piling the corpses of the unjej.  Only the strongest members of Memepeace can wield it effectively.,+650 BP for Rank 1 on Lifetime JP|+BP based on Lifetime JP for Rank 2 and below (Max 475),2,0,0,12666775,severingfoffer.png,"Iferror(if(SONG JP RANK IS 1ST PLACE,650,rounddown(475*(PLAYER SONG JP/2ND PLACE SONG JP),0)),0)",,
39,Antique Sundial,Sundial imbued with time magic.<br/><br/>Single use.,45 seconds added to break timer,2,1,0,242416,antiquesundial.png,0,,ADDS 45 SECONDS TO BREAK TIMER
40,Agility Potion,"Brewed in the Footspeed Empire, this potion grows more effective as fast enemies are defeated.<br/><br/>Single use.","At end of set, +BP equal to (average BPM of passed songs-120)^1.3",2,1,0,7264453,agilitypotion.png,"Iferror(rounddown((AVERAGE BPM OF SONGS PASSED-120)^1.3,0),0)",,
41,Kraken Club,"Immensely sought-after, this club is enchanted with a spell that hastens the wielder's swings, allowing consecutive blows in the time it would normally take to make one.",Lv. 2 DP Bonus|+100 BP|Occasionally attacks 2 to 8 times,2,1,0,11249340,krakenclub.png,"ROUNDDOWN((DP*0.2),0)+100+THEME POINTS",,"""HITS"" 1-8 TIMES WHEN USED.  EACH HIT IS LV 2 DP + 100 BP.  THEME POINTS USED FOR HITS 2-8 (so 0 theme points and just the base points if it's only 1 hit).

CHANCES FOR EACH # ARE AS FOLLOWS:

1        2.08%
2        10.66%
3        22.78%
4        28.44%
5        21.36%
6        10.83%
7        3.17%
8        0.67%

Maybe tell them the number of hits and the total points for it on screen too?"
42,Double Stone Arrow,A low-level arrow double-tipped with stone.<br/><br/>Deals good damage with a bow equipped.  Single use.,+250 BP with bow equipped,4,1,0,5797,doublestonearrow.png,"If(BOW IS EQUIPPED,250,0)",IS AN ARROW,BOW MUST BE EQUIPPED
43,Double Bronze Arrow,A mid-level arrow double tipped with bronze.<br/><br/>Deals strong damage with a bow equipped.  Single use.,+450 BP with bow equipped,4,1,0,178441,doublebronzearrow.png,"If(BOW IS EQUIPPED,450,0)",IS AN ARROW,BOW MUST BE EQUIPPED
44,Double Mythril Arrow,A high-level arrow double-tipped with mythril.<br/><br/>Deals incredible damage with a bow equipped.  Single use.,+600 BP with bow equipped,4,1,0,892849,doublemythrilarrow.png,"If(BOW IS EQUIPPED,600,0)",IS AN ARROW,BOW MUST BE EQUIPPED
45,Candle Clock,Magic candle used for tracking time.<br/><br/>Single use.,90 seconds added to break timer,4,1,0,364373,candleclock.png,0,,ADDS 90 SECONDS TO BREAK TIMER
46,Chrono Bullet,Armor piercing bullet with a magical enchantment.<br/><br/>Deals extreme damage with a gun equipped.  Single use.,+700 BP with gun equipped,4,1,0,1041657,chronobullet.png,"If(GUN IS EQUIPPED,700,0)",IS A BULLET,GUN MUST BE EQUIPPED
47,Doubling Potion,Potion that doubles with effectiveness for each subsequent use.,"At end of set, +BP equal to 40 * 2^(# of Doubling Potions used on passed songs - 1)",4,1,0,378617,doublingpotion.png,"ROUNDDOWN(
        LET(
          val, 40 * 2^(
                COUNT OF PASSES USING DOUBLING POTION
                - 1
          ),
          IF(val >= 0, val, 0)
        )
,0)",,AT END OF SET: BP FOR EACH DOUBLING POTION STARTS AT 40 AND DOUBLES FOR EACH POTION USED ON A PASSING SONG
48,Squirrel Effigy,"A crude, almost mocking rendition of a squirrel, crafted from a cheap wood.  This is a strange thing to find amongst the Nomads, who are well known for their fondness of a particular squirrel god.","At end of set, if used on a song that has been passed at least twice, +BP equal to (pre-BP point total ) / 7.5",4,1,0,418822,squirreleffigy.png,"if(PASS COUNT FOR CHART ID>=2,ROUNDDOWN(ROUNDDOWN(DP+EP+RP+AP),0)/7.5,0),0)",,"AT END OF SET: IF THE SONG THIS IS USED ON IS PASSED AT LEAST TWICE, ADD (DP+EP+RP+AP)/7.5 BP"
49,Bowzee,"Bow carved with the likeness of one of Mozee, a patron deity of the Nomads.  It's said that yelling his name will bring good fortune and improved virility.",+200 BP with arrow equipped,4,0,0,704331,bowzee.png,"If(ARROW IS EQUIPPED,200,0)",IS A BOW,ARROW MUST BE EQUIPPED
50,Exeter,Devastating double-barrelled rifle constructed by an ancient civilization.  It's made from an alloy formed using metallurgical techniques lost to time.,Lv. 4 RP Bonus with bullet equipped|RP for this relic is calculated using chart block level +1,4,0,0,1168451,exeter.png,"if(GUN IS EQUIPPED,rounddown((RP+1000)/(MAX RP FOR DIVISION/1000)*0.4,0),0)",IS A GUN,"BULLET MUST BE EQUIPPED, RP CALCULATED BASED OFF OF DIFFICULTY RATING +1"
51,Twin Lance,Polearm with a lance on each tip.  Allows its user to double up their attacks.,+5 BP|+BP equal to total amount yielded by other relics,4,1,0,1295246,twinlance.png,"5+
RELIC 1 BP+
RELIC 2 BP+
RELIC 3 BP (if applicable)+
RELIC 4 BP (if applicable)+
RELIC 5 BP (if applicable)+
THEME POINTS",,"(this is like kraken club from previous years, but +25 bp instead of +5; kraken club is different this year and moving forward)"
52,Noahram,Somewhat effective against fast opponents.,Lv. 1 DP Bonus for 120 BPM songs,1,0,0,0,noahram.png,"if(BPM TIER=120,ROUNDDOWN(DP*0.1),0)",,
53,Noahram +1,This weapon has been enhanced to a higher level of quality.<br/><br/>Somewhat effective against fast opponents and somewhat effective against large opponents.,Lv. 1 DP Bonus for 120 BPM songs|Lv. 1 EP Bonus for 120 BPM songs,1,0,0,0,noahram+1.png,"if(BPM TIER=120,ROUNDDOWN(DP*0.1)+ROUNDDOWN(EP*0.1),0)",,
54,Noahram +2,This weapon has been enhanced to the highest level of quality.<br/><br/>Somewhat effective against fast opponents and somewhat effective against large opponents.<br/><br/>Gains extra effectivity proportionate to an enemy's size.,Lv. 1 DP Bonus for 120 BPM songs|Lv. 1 EP Bonus for 120 BPM songs|+25 BP per minute of song length for 120 BPM songs,1,0,0,0,noahram+2.png,"if(BPM TIER=120,ROUNDDOWN(DP*0.1)+ROUNDDOWN(EP*0.1)+ROUNDDOWN(SONG LENGTH*25),0)",,
55,Lunerim,Somewhat effective against fast opponents.,Lv. 1 DP Bonus for 130 BPM songs,1,0,0,0,lunerim.png,"if(BPM TIER=130,ROUNDDOWN(DP*0.1),0)",,
56,Lunerim +1,This weapon has been enhanced to a higher level of quality.<br/><br/>Somewhat effective against fast opponents and somewhat effective against large opponents.,Lv. 1 DP Bonus for 130 BPM songs|Lv. 1 EP Bonus for 130 BPM songs,1,0,0,0,lunerim+1.png,"if(BPM TIER=130,ROUNDDOWN(DP*0.1)+ROUNDDOWN(EP*0.1),0)",,
57,Lunerim +2,This weapon has been enhanced to the highest level of quality.<br/><br/>Somewhat effective against fast opponents and somewhat effective against large opponents.<br/><br/>Gains extra effectivity proportionate to an enemy's size.,Lv. 1 DP Bonus for 130 BPM songs|Lv. 1 EP Bonus for 130 BPM songs|+25 BP per minute of song length for 130 BPM songs,1,0,0,0,lunerim+2.png,"if(BPM TIER=130,ROUNDDOWN(DP*0.1)+ROUNDDOWN(EP*0.1)+ROUNDDOWN(SONG LENGTH*25),0)",,
58,Maellum,Somewhat effective against fast opponents.,Lv. 1 DP Bonus for 140 BPM songs,1,0,0,0,maellum.png,"if(BPM TIER=140,ROUNDDOWN(DP*0.1),0)",,
59,Maellum +1,This weapon has been enhanced to a higher level of quality.<br/><br/>Somewhat effective against fast opponents and somewhat effective against large opponents.,Lv. 1 DP Bonus for 140 BPM songs|Lv. 1 EP Bonus for 140 BPM songs,1,0,0,0,maellum+1.png,"if(BPM TIER=140,ROUNDDOWN(DP*0.1)+ROUNDDOWN(EP*0.1),0)",,
60,Maellum +2,This weapon has been enhanced to the highest level of quality.<br/><br/>Somewhat effective against fast opponents and somewhat effective against large opponents.<br/><br/>Gains extra effectivity proportionate to an enemy's size.,Lv. 1 DP Bonus for 140 BPM songs|Lv. 1 EP Bonus for 140 BPM songs|+25 BP per minute of song length for 140 BPM songs,1,0,0,0,maellum+2.png,"if(BPM TIER=140,ROUNDDOWN(DP*0.1)+ROUNDDOWN(EP*0.1)+ROUNDDOWN(SONG LENGTH*25),0)",,
61,Scieleson,Somewhat effective against fast opponents.,Lv. 1 DP Bonus for 150 BPM songs,1,0,0,0,scieleson.png,"if(BPM TIER=150,ROUNDDOWN(DP*0.1),0)",,
62,Scieleson +1,This weapon has been enhanced to a higher level of quality.<br/><br/>Somewhat effective against fast opponents and effective against large opponents.,Lv. 1 DP Bonus for 150 BPM songs|Lv. 2 EP Bonus for 150 BPM songs,1,0,0,0,scieleson+1.png,"if(BPM TIER=150,ROUNDDOWN(DP*0.1)+ROUNDDOWN(EP*0.2),0)",,
63,Scieleson +2,This weapon has been enhanced to the highest level of quality.<br/><br/>Somewhat effective against fast opponents and effective against large opponents.<br/><br/>Gains extra effectivity proportionate to an enemy's size.,Lv. 1 DP Bonus for 150 BPM songs|Lv. 2 EP Bonus for 150 BPM songs|+25 BP per minute of song length for 150 BPM songs,1,0,0,0,scieleson+2.png,"if(BPM TIER=150,ROUNDDOWN(DP*0.1)+ROUNDDOWN(EP*0.2)+ROUNDDOWN(SONG LENGTH*25),0)",,
64,Monocaro,Somewhat effective against fast opponents.,Lv. 1 DP Bonus for 160 BPM songs,1,0,0,0,monocaro.png,"if(BPM TIER=160,ROUNDDOWN(DP*0.1),0)",,
65,Monocaro +1,This weapon has been enhanced to a higher level of quality.<br/><br/>Somewhat effective against fast opponents and effective against large opponents.,Lv. 1 DP Bonus for 160 BPM songs|Lv. 2 EP Bonus for 160 BPM songs,1,0,0,0,monocaro+1.png,"if(BPM TIER=160,ROUNDDOWN(DP*0.1)+ROUNDDOWN(EP*0.2),0)",,
66,Monocaro +2,This weapon has been enhanced to the highest level of quality.<br/><br/>Somewhat effective against fast opponents and effective against large opponents.<br/><br/>Gains extra effectivity proportionate to an enemy's size.,Lv. 1 DP Bonus for 160 BPM songs|Lv. 2 EP Bonus for 160 BPM songs|+25 BP per minute of song length for 160 BPM songs,1,0,0,0,monocaro+2.png,"if(BPM TIER=160,ROUNDDOWN(DP*0.1)+ROUNDDOWN(EP*0.2)+ROUNDDOWN(SONG LENGTH*25),0)",,
67,Rosenbogen,Somewhat effective against fast opponents with an arrow equipped.,Lv. 1 DP Bonus for 170 BPM songs with an arrow equipped,1,0,0,0,rosenbogen.png,"if(AND(BPM TIER=170,ARROW IS EQUIPPED),ROUNDDOWN(DP*0.1),0)",IS A BOW,ARROW MUST BE EQUIPPED
68,Rosenbogen +1,This weapon has been enhanced to a higher level of quality.<br/><br/>Somewhat effective against fast opponents and effective against large opponents with an arrow equipped.,Lv. 1 DP Bonus for 170 BPM songs with an arrow equipped|Lv. 2 EP Bonus for 170 BPM songs with an arrow equipped,1,0,0,0,rosenbogen+1.png,"if(AND(BPM TIER=170,ARROW IS EQUIPPED),ROUNDDOWN(DP*0.1)+ROUNDDOWN(EP*0.2),0)",IS A BOW,ARROW MUST BE EQUIPPED
69,Rosenbogen +2,This weapon has been enhanced to the highest level of quality.<br/><br/>Somewhat effective against fast opponents and effective against large opponents with an arrow equipped.<br/><br/>Gains extra effectivity proportionate to an enemy's size with an arrow equipped.,Lv. 1 DP Bonus for 170 BPM songs with an arrow equipped|Lv. 2 EP Bonus for 170 BPM songs with an arrow equipped|+25 BP per minute of song length for 170 BPM songs with an arrow equipped,1,0,0,0,rosenbogen+2.png,"if(AND(BPM TIER=170,ARROW IS EQUIPPED),ROUNDDOWN(DP*0.1)+ROUNDDOWN(EP*0.2)+ROUNDDOWN(SONG LENGTH*25),0)",IS A BOW,ARROW MUST BE EQUIPPED
70,Dream Staff,Effective against fast opponents.,Lv. 2 DP Bonus for 180 BPM songs,1,0,0,0,dreamstaff.png,"if(BPM TIER=180,ROUNDDOWN(DP*0.2),0)",,
71,Dream Staff +1,This weapon has been enhanced to a higher level of quality.<br/><br/>Effective against fast opponents and effective against large opponents.,Lv. 2 DP Bonus for 180 BPM songs|Lv. 2 EP Bonus for 180 BPM songs,1,0,0,0,dreamstaff+1.png,"if(BPM TIER=180,ROUNDDOWN(DP*0.2)+ROUNDDOWN(EP*0.2),0)",,
72,Dream Staff +2,This weapon has been enhanced to the highest level of quality.<br/><br/>Effective against fast opponents and effective against large opponents.<br/><br/>Gains extra effectivity proportionate to an enemy's size.,Lv. 2 DP Bonus for 180 BPM songs|Lv. 2 EP Bonus for 180 BPM songs|+25 BP per minute of song length for 180 BPM songs,1,0,0,0,dreamstaff+2.png,"if(BPM TIER=180,ROUNDDOWN(DP*0.2)+ROUNDDOWN(EP*0.2)+ROUNDDOWN(SONG LENGTH*25),0)",,
73,Rose's Sword,Effective against fast opponents.,Lv. 2 DP Bonus for 190 BPM songs,1,0,0,0,rosessword.png,"if(BPM TIER=190,ROUNDDOWN(DP*0.2),0)",,
74,Rose's Sword +1,This weapon has been enhanced to a higher level of quality.<br/><br/>Effective against fast opponents and effective against large opponents.,Lv. 2 DP Bonus for 190 BPM songs|Lv. 2 EP Bonus for 190 BPM songs,1,0,0,0,rosessword+1.png,"if(BPM TIER=190,ROUNDDOWN(DP*0.2)+ROUNDDOWN(EP*0.2),0)",,
75,Rose's Sword +2,This weapon has been enhanced to the highest level of quality.<br/><br/>Effective against fast opponents and effective against large opponents.<br/><br/>Gains extra effectivity proportionate to an enemy's size.,Lv. 2 DP Bonus for 190 BPM songs|Lv. 2 EP Bonus for 190 BPM songs|+25 BP per minute of song length for 190 BPM songs,1,0,0,0,rosessword+2.png,"if(BPM TIER=190,ROUNDDOWN(DP*0.2)+ROUNDDOWN(EP*0.2)+ROUNDDOWN(SONG LENGTH*25),0)",,
76,Z Sword,Effective against fast opponents.,Lv. 2 DP Bonus for 200 BPM songs,1,0,0,0,zsword.png,"if(BPM TIER=200,ROUNDDOWN(DP*0.2),0)",,
77,Z Sword +1,This weapon has been enhanced to a higher level of quality.<br/><br/>Effective against fast opponents and strongly effective against large opponents.,Lv. 2 DP Bonus for 200 BPM songs|Lv. 3 EP Bonus for 200 BPM songs,1,0,0,0,zsword+1.png,"if(BPM TIER=200,ROUNDDOWN(DP*0.2)+ROUNDDOWN(EP*0.3),0)",,
78,Z Sword +2,This weapon has been enhanced to the highest level of quality.<br/><br/>Effective against fast opponents and strongly effective against large opponents.<br/><br/>Gains extra effectivity proportionate to an enemy's size.,Lv. 2 DP Bonus for 200 BPM songs|Lv. 3 EP Bonus for 200 BPM songs|+25 BP per minute of song length for 200 BPM songs,1,0,0,0,zsword+2.png,"if(BPM TIER=200,ROUNDDOWN(DP*0.2)+ROUNDDOWN(EP*0.3)+ROUNDDOWN(SONG LENGTH*25),0)",,
79,Nail,Effective against fast opponents.,Lv. 2 DP Bonus for 210 BPM songs,1,0,0,0,nail.png,"if(BPM TIER=210,ROUNDDOWN(DP*0.2),0)",,
80,Nail +1,This weapon has been enhanced to a higher level of quality.<br/><br/>Effective against fast opponents and strongly effective against large opponents.,Lv. 2 DP Bonus for 210 BPM songs|Lv. 3 EP Bonus for 210 BPM songs,1,0,0,0,nail+1.png,"if(BPM TIER=210,ROUNDDOWN(DP*0.2)+ROUNDDOWN(EP*0.3),0)",,
81,Nail +2,This weapon has been enhanced to the highest level of quality.<br/><br/>Effective against fast opponents and strongly effective against large opponents.<br/><br/>Gains extra effectivity proportionate to an enemy's size.,Lv. 2 DP Bonus for 210 BPM songs|Lv. 3 EP Bonus for 210 BPM songs|+25 BP per minute of song length for 210 BPM songs,1,0,0,0,nail+2.png,"if(BPM TIER=210,ROUNDDOWN(DP*0.2)+ROUNDDOWN(EP*0.3)+ROUNDDOWN(SONG LENGTH*25),0)",,
82,Needle,Effective against fast opponents.,Lv. 2 DP Bonus for 220 BPM songs,1,0,0,0,needle.png,"if(BPM TIER=220,ROUNDDOWN(DP*0.2),0)",,
83,Needle +1,This weapon has been enhanced to a higher level of quality.<br/><br/>Effective against fast opponents and strongly effective against large opponents.,Lv. 2 DP Bonus for 220 BPM songs|Lv. 3 EP Bonus for 220 BPM songs,1,0,0,0,needle+1.png,"if(BPM TIER=220,ROUNDDOWN(DP*0.2)+ROUNDDOWN(EP*0.3),0)",,
84,Needle +2,This weapon has been enhanced to the highest level of quality.<br/><br/>Effective against fast opponents and strongly effective against large opponents.<br/><br/>Gains extra effectivity proportionate to an enemy's size.,Lv. 2 DP Bonus for 220 BPM songs|Lv. 3 EP Bonus for 220 BPM songs|+25 BP per minute of song length for 220 BPM songs,1,0,0,0,needle+2.png,"if(BPM TIER=220,ROUNDDOWN(DP*0.2)+ROUNDDOWN(EP*0.3)+ROUNDDOWN(SONG LENGTH*25),0)",,
85,Thresh's Hook,Strongly effective against fast opponents.,Lv. 3 DP Bonus for 230 BPM songs,1,0,0,0,threshshook.png,"if(BPM TIER=230,ROUNDDOWN(DP*0.3),0)",,
86,Thresh's Hook +1,This weapon has been enhanced to a higher level of quality.<br/><br/>Strongly effective against fast opponents and strongly effective against large opponents.,Lv. 3 DP Bonus for 230 BPM songs|Lv. 3 EP Bonus for 230 BPM songs,1,0,0,0,threshshook+1.png,"if(BPM TIER=230,ROUNDDOWN(DP*0.3)+ROUNDDOWN(EP*0.3),0)",,
87,Thresh's Hook +2,This weapon has been enhanced to the highest level of quality.<br/><br/>Strongly effective against fast opponents and strongly effective against large opponents.<br/><br/>Gains extra effectivity proportionate to an enemy's size.,Lv. 3 DP Bonus for 230 BPM songs|Lv. 3 EP Bonus for 230 BPM songs|+25 BP per minute of song length for 230 BPM songs,1,0,0,0,threshshook+2.png,"if(BPM TIER=230,ROUNDDOWN(DP*0.3)+ROUNDDOWN(EP*0.3)+ROUNDDOWN(SONG LENGTH*25),0)",,
88,Gwen's Scissors,Strongly effective against fast opponents.,Lv. 3 DP Bonus for 240 BPM songs,1,0,0,0,gwensscissors.png,"if(BPM TIER=240,ROUNDDOWN(DP*0.3),0)",,
89,Gwen's Scissors +1,This weapon has been enhanced to a higher level of quality.<br/><br/>Strongly effective against fast opponents and strongly effective against large opponents.,Lv. 3 DP Bonus for 240 BPM songs|Lv. 3 EP Bonus for 240 BPM songs,1,0,0,0,gwensscissors+1.png,"if(BPM TIER=240,ROUNDDOWN(DP*0.3)+ROUNDDOWN(EP*0.3),0)",,
90,Gwen's Scissors +2,This weapon has been enhanced to the highest level of quality.<br/><br/>Strongly effective against fast opponents and strongly effective against large opponents.<br/><br/>Gains extra effectivity proportionate to an enemy's size.,Lv. 3 DP Bonus for 240 BPM songs|Lv. 3 EP Bonus for 240 BPM songs|+25 BP per minute of song length for 240 BPM songs,1,0,0,0,gwensscissors+2.png,"if(BPM TIER=240,ROUNDDOWN(DP*0.3)+ROUNDDOWN(EP*0.3)+ROUNDDOWN(SONG LENGTH*25),0)",,
91,Save The Queen,Strongly effective against fast opponents.,Lv. 3 DP Bonus for 250 BPM songs,1,0,0,0,savethequeen.png,"if(BPM TIER=250,ROUNDDOWN(DP*0.3),0)",,
92,Save The Queen +1,This weapon has been enhanced to a higher level of quality.<br/><br/>Strongly effective against fast opponents and incredibly effective against large opponents.,Lv. 3 DP Bonus for 250 BPM songs|Lv. 4 EP Bonus for 250 BPM songs,1,0,0,0,savethequeen+1.png,"if(BPM TIER=250,ROUNDDOWN(DP*0.3)+ROUNDDOWN(EP*0.4),0)",,
93,Save The Queen +2,This weapon has been enhanced to the highest level of quality.<br/><br/>Strongly effective against fast opponents and incredibly effective against large opponents.<br/><br/>Gains extra effectivity proportionate to an enemy's size.,Lv. 3 DP Bonus for 250 BPM songs|Lv. 4 EP Bonus for 250 BPM songs|+25 BP per minute of song length for 250 BPM songs,1,0,0,0,savethequeen+2.png,"if(BPM TIER=250,ROUNDDOWN(DP*0.3)+ROUNDDOWN(EP*0.4)+ROUNDDOWN(SONG LENGTH*25),0)",,
94,Valiant Knife,Strongly effective against fast opponents.,Lv. 3 DP Bonus for 260 BPM songs,1,0,0,0,valiantknife.png,"if(BPM TIER=260,ROUNDDOWN(DP*0.3),0)",,
95,Valiant Knife +1,This weapon has been enhanced to a higher level of quality.<br/><br/>Strongly effective against fast opponents and incredibly effective against large opponents.,Lv. 3 DP Bonus for 260 BPM songs|Lv. 4 EP Bonus for 260 BPM songs,1,0,0,0,valiantknife+1.png,"if(BPM TIER=260,ROUNDDOWN(DP*0.3)+ROUNDDOWN(EP*0.4),0)",,
96,Valiant Knife +2,This weapon has been enhanced to the highest level of quality.<br/><br/>Strongly effective against fast opponents and incredibly effective against large opponents.<br/><br/>Gains extra effectivity proportionate to an enemy's size.,Lv. 3 DP Bonus for 260 BPM songs|Lv. 4 EP Bonus for 260 BPM songs|+25 BP per minute of song length for 260 BPM songs,1,0,0,0,valiantknife+2.png,"if(BPM TIER=260,ROUNDDOWN(DP*0.3)+ROUNDDOWN(EP*0.4)+ROUNDDOWN(SONG LENGTH*25),0)",,
97,Wyrmhero Blade,Strongly effective against fast opponents.,Lv. 3 DP Bonus for 270 BPM songs,1,0,0,0,wyrmheroblade.png,"if(BPM TIER=270,ROUNDDOWN(DP*0.3),0)",,
98,Wyrmhero Blade +1,This weapon has been enhanced to a higher level of quality.<br/><br/>Strongly effective against fast opponents and incredibly effective against large opponents.,Lv. 3 DP Bonus for 270 BPM songs|Lv. 4 EP Bonus for 270 BPM songs,1,0,0,0,wyrmheroblade+1.png,"if(BPM TIER=270,ROUNDDOWN(DP*0.3)+ROUNDDOWN(EP*0.4),0)",,
99,Wyrmhero Blade +2,This weapon has been enhanced to the highest level of quality.<br/><br/>Strongly effective against fast opponents and incredibly effective against large opponents.<br/><br/>Gains extra effectivity proportionate to an enemy's size.,Lv. 3 DP Bonus for 270 BPM songs|Lv. 4 EP Bonus for 270 BPM songs|+25 BP per minute of song length for 270 BPM songs,1,0,0,0,wyrmheroblade+2.png,"if(BPM TIER=270,ROUNDDOWN(DP*0.3)+ROUNDDOWN(EP*0.4)+ROUNDDOWN(SONG LENGTH*25),0)",,
100,Fusion Sword,Incredibly effective against fast opponents.,Lv. 4 DP Bonus for 280 BPM songs,1,0,0,0,fusionsword.png,"if(BPM TIER=280,ROUNDDOWN(DP*0.4),0)",,
101,Fusion Sword +1,This weapon has been enhanced to a higher level of quality.<br/><br/>Incredibly effective against fast opponents and incredibly effective against large opponents.,Lv. 4 DP Bonus for 280 BPM songs|Lv. 4 EP Bonus for 280 BPM songs,1,0,0,0,fusionsword+1.png,"if(BPM TIER=280,ROUNDDOWN(DP*0.4)+ROUNDDOWN(EP*0.4),0)",,
102,Fusion Sword +2,This weapon has been enhanced to the highest level of quality.<br/><br/>Incredibly effective against fast opponents and incredibly effective against large opponents.<br/><br/>Gains extra effectivity proportionate to an enemy's size.,Lv. 4 DP Bonus for 280 BPM songs|Lv. 4 EP Bonus for 280 BPM songs|+25 BP per minute of song length for 280 BPM songs,1,0,0,0,fusionsword+2.png,"if(BPM TIER=280,ROUNDDOWN(DP*0.4)+ROUNDDOWN(EP*0.4)+ROUNDDOWN(SONG LENGTH*25),0)",,
103,Corpeso,Incredibly effective against fast opponents.,Lv. 4 DP Bonus for 290 BPM songs,1,0,0,0,corpeso.png,"if(BPM TIER=290,ROUNDDOWN(DP*0.4),0)",,
104,Corpeso +1,This weapon has been enhanced to a higher level of quality.<br/><br/>Incredibly effective against fast opponents and incredibly effective against large opponents.,Lv. 4 DP Bonus for 290 BPM songs|Lv. 4 EP Bonus for 290 BPM songs,1,0,0,0,corpeso+1.png,"if(BPM TIER=290,ROUNDDOWN(DP*0.4)+ROUNDDOWN(EP*0.4),0)",,
105,Corpeso +2,This weapon has been enhanced to the highest level of quality.<br/><br/>Incredibly effective against fast opponents and incredibly effective against large opponents.<br/><br/>Gains extra effectivity proportionate to an enemy's size.,Lv. 4 DP Bonus for 290 BPM songs|Lv. 4 EP Bonus for 290 BPM songs|+25 BP per minute of song length for 290 BPM songs,1,0,0,0,corpeso+2.png,"if(BPM TIER=290,ROUNDDOWN(DP*0.4)+ROUNDDOWN(EP*0.4)+ROUNDDOWN(SONG LENGTH*25),0)",,
106,Choralim,Incredibly effective against fast opponents.,Lv. 4 DP Bonus for 300 BPM songs,1,0,0,0,choralim.png,"if(BPM TIER=300,ROUNDDOWN(DP*0.4),0)",,
107,Choralim +1,This weapon has been enhanced to a higher level of quality.<br/><br/>Incredibly effective against fast opponents and maximally effective against large opponents.,Lv. 4 DP Bonus for 300 BPM songs|Lv. 5 EP Bonus for 300 BPM songs,1,0,0,0,choralim+1.png,"if(BPM TIER=300,ROUNDDOWN(DP*0.4)+ROUNDDOWN(EP*0.5),0)",,
108,Choralim +2,This weapon has been enhanced to the highest level of quality.<br/><br/>Incredibly effective against fast opponents and maximally effective against large opponents.<br/><br/>Gains extra effectivity proportionate to an enemy's size.,Lv. 4 DP Bonus for 300 BPM songs|Lv. 5 EP Bonus for 300 BPM songs|+25 BP per minute of song length for 300 BPM songs,1,0,0,0,choralim+2.png,"if(BPM TIER=300,ROUNDDOWN(DP*0.4)+ROUNDDOWN(EP*0.5)+ROUNDDOWN(SONG LENGTH*25),0)",,
109,Medalum,Incredibly effective against fast opponents.,Lv. 4 DP Bonus for 310 BPM songs,1,0,0,0,medalum.png,"if(BPM TIER=310,ROUNDDOWN(DP*0.4),0)",,
110,Medalum +1,This weapon has been enhanced to a higher level of quality.<br/><br/>Incredibly effective against fast opponents and maximally effective against large opponents.,Lv. 4 DP Bonus for 310 BPM songs|Lv. 5 EP Bonus for 310 BPM songs,1,0,0,0,medalum+1.png,"if(BPM TIER=310,ROUNDDOWN(DP*0.4)+ROUNDDOWN(EP*0.5),0)",,
111,Medalum +2,This weapon has been enhanced to the highest level of quality.<br/><br/>Incredibly effective against fast opponents and maximally effective against large opponents.<br/><br/>Gains extra effectivity proportionate to an enemy's size.,Lv. 4 DP Bonus for 310 BPM songs|Lv. 5 EP Bonus for 310 BPM songs|+25 BP per minute of song length for 310 BPM songs,1,0,0,0,medalum+2.png,"if(BPM TIER=310,ROUNDDOWN(DP*0.4)+ROUNDDOWN(EP*0.5)+ROUNDDOWN(SONG LENGTH*25),0)",,
112,Charnon,Incredibly effective against fast opponents.,Lv. 4 DP Bonus for 320 BPM songs,1,0,0,0,charnon.png,"if(BPM TIER=320,ROUNDDOWN(DP*0.4),0)",,
113,Charnon +1,This weapon has been enhanced to a higher level of quality.<br/><br/>Incredibly effective against fast opponents and maximally effective against large opponents.,Lv. 4 DP Bonus for 320 BPM songs|Lv. 5 EP Bonus for 320 BPM songs,1,0,0,0,charnon+1.png,"if(BPM TIER=320,ROUNDDOWN(DP*0.4)+ROUNDDOWN(EP*0.5),0)",,
114,Charnon +2,This weapon has been enhanced to the highest level of quality.<br/><br/>Incredibly effective against fast opponents and maximally effective against large opponents.<br/><br/>Gains extra effectivity proportionate to an enemy's size.,Lv. 4 DP Bonus for 320 BPM songs|Lv. 5 EP Bonus for 320 BPM songs|+25 BP per minute of song length for 320 BPM songs,1,0,0,0,charnon+2.png,"if(BPM TIER=320,ROUNDDOWN(DP*0.4)+ROUNDDOWN(EP*0.5)+ROUNDDOWN(SONG LENGTH*25),0)",,
115,Joyaro,Incredibly effective against fast opponents.,Lv. 4 DP Bonus for 330 BPM songs,1,0,0,0,joyaro.png,"if(BPM TIER=330,ROUNDDOWN(DP*0.4),0)",,
116,Joyaro +1,This weapon has been enhanced to a higher level of quality.<br/><br/>Incredibly effective against fast opponents and maximally effective against large opponents.,Lv. 4 DP Bonus for 330 BPM songs|Lv. 5 EP Bonus for 330 BPM songs,1,0,0,0,joyaro+1.png,"if(BPM TIER=330,ROUNDDOWN(DP*0.4)+ROUNDDOWN(EP*0.5),0)",,
117,Joyaro +2,This weapon has been enhanced to the highest level of quality.<br/><br/>Incredibly effective against fast opponents and maximally effective against large opponents.<br/><br/>Gains extra effectivity proportionate to an enemy's size.,Lv. 4 DP Bonus for 330 BPM songs|Lv. 5 EP Bonus for 330 BPM songs|+25 BP per minute of song length for 330 BPM songs,1,0,0,0,joyaro+2.png,"if(BPM TIER=330,ROUNDDOWN(DP*0.4)+ROUNDDOWN(EP*0.5)+ROUNDDOWN(SONG LENGTH*25),0)",,
118,Sally's Wand,Preferred wand of a witch princess hailing from a magical kingdom of another world.,+BP equal to your skill in the speed tier,1,0,0,0,sallyswand.png,"IFERROR(SKILL IN SONG TIER,0)",,
119,Les Paul,Any aspiring hero of the guitar would love to get their hands on this beautiful instrument.,+3 BP for each note hit during star power without breaking combo,1,0,0,0,lespaul.png,0,,"This relic basically should turn the game into guitar hero as much as you feel like doing it-- 
the note scroll (reverse and... distant or whatever the opposite of hallway is?), the measure markers, noteskin, HUD/UI/whatever, etc.
The main thing is that there should be some randomly placed star power 'segments' that charge up a meter if you combo them,
and once that meter is full, you can press enter/start button/whatever to 'engage' star power, which lasts for 8 measures and gives you 3 theme points per
note you combo under star power-- but as soon as you break combo, you stop earning points.  

This is just the general idea and I know may or may not be totally feasible so we can discuss more as needed"
120,Sea Ring,"A ring.  It came from the sea.  Therefore, a sea ring.",+40 BP per minute of song length|Sea levels rise during the song,1,0,0,0,searing.png,"rounddown(SONG LENGTH*40,0)",,"Image of waves rises gradually throughout the course of the song and acts as a lane cover-- it's at a set pace so longer stuff is more impacted by it (might have to make the pacing logarithmic based on song length or something to scale reasonably, but cap at like 75% of the screen covered for the longest marathons)"
121,Cabby,A strange machine with two platforms in front of it.,+35 BP|+BP equal to (unique relic count)^1.25,1,0,0,0,cabby.png,"35+ROUNDDOWN(COUNT OF UNIQUE RELICS OWNED BY PLAYER (not impacted by consumed relics)^1.25,0)",,
122,Dry Bones Plush,"Stuffed Animal of the Realm, Plushie of Ratings.",+125 BP if you pass SirDelins's ratings quiz,1,0,0,0,drybonesplush.png,0,,See srpg10_extra sheet for details
123,Core Drill,Believe in the me that believes in you!,+BP equal to (number of inputs on given set of arrows - total notes in chart for those arrows),1,1,0,0,coredrill.png,+THEME POINTS equal to (number of inputs on given set of arrows - total notes in chart for those arrows),,"BASICALLY YOU'RE GETTING THEME POINTS FOR THE ARROWS YOU HIT ON A RANDOMLY SELECTED PAIRING OF ARROWS AT THE START OF THE SONG, WHICH SHOULD BE INDICATED AT/BEFORE START OF THE SONG (so like it tells you to drill LR, or UL, or UD, so on and so forth).  YOU SHOULDN'T GET POINTS FOR HITTING THE ARROWS ALREADY ON THOSE PANELS IN THE CHART (so if there's 100 L and 100 R, and it tells you to drill LR, you have to hit 101 L before you get any theme points, and 101 R)"
124,eric's iron slab,"Unfortunately, you can't make this at a crafting table, so you're gonna have to steal it from erictran0.",+60 BP per slab lined up on bottom of screen,1,0,0,0,ericsironslab.png,0,,"HAVE SOME LIKE IRON SLAB SPRITES FROM MINECRAFT OR WHATEVER THAT APPEAR ON THE SCREEN.  THERE IS ONE AT A TIME.  THEY MOVE AS YOU HIT ARROWS IN THE DIRECTION YOU HIT (so you have to deal with them sliding around randomly during streams, and try to capitalize on using breaks to move them).  IF YOU MANAGE TO GET ONE TO THE BOTTOM, IT SNAPS INTO PLACE THERE.  EACH SLAB YOU GET TO THE BOTTOM IS +60 THEME POINTS.  AFTER YOU SNAP ONE INTO PLACE, ANOTHER ONE APPEARS.  ONCE YOU HAVE FOUR AT THE BOTTOM, NO MORE FALL, SO IT MAXES AT 240 THEME POINTS."
125,1/64 Car,This is just a scale model of a car that won't be familiar to anyone.,Lv. 3 DP Bonus|Disables engine (rescore mechanism),1,0,0,0,164car.png,"ROUNDDOWN((DP*0.3),0)",,Disables engine
126,Contrakt,"Contrakt signed by Fanatik.  If you sign it, you'll get some nice perks, but you'll have to follow the rules of the contrakt.",+50 BP per contractual obligation fulfilled,1,0,0,0,contrakt.png,0,,See srpg10_extra sheet for details
127,Wrench,"When you need more wrenches, that's a need that can't be ignored.","At end of set, +BP equal to number of marathons played * 250|Song becomes dark psytrance",1,1,0,0,wrench.png,0,,+(COUNT OF MARATHON PASSES IN RO)*250|Play some rolling bass sample throughout the song or something
128,Chilsung Cider,"If you're looking to chill...chil?  Ah, whatever.  Anyway, if you're looking to chill, drink this korean soda.  This pop.  This Korean Pop.  This K-pop.",+50 BP|Forces 1.00x rate,1,1,0,0,chilsungcider.png,50,,FORCES 1.00x RATE
129,Kyypa,"It turns out a kyypa is basically just a koopa, if you were wondering.",+200 BP on any Kyy chart,1,0,0,0,kyypa.png,"IF(FIND(""Kyy"",PACK NAME),200,0),0)",,
130,Bape Shirt,One of @@'s favorite shirts.  High fashion.,"+1 BP|Lv. 1 AP Bonus|At end of set, +BP equal to (timed set pass count) * 5|Lv. 1 EP Bonus",1,0,0,0,bapeshirt.png,"ROUNDDOWN(
        1+
        (AP*0.1)+
        (PASS COUNT*5)+
        (EP*0.1)
,0)",,
131,Black Garb,Looks like some sort of cosplay?,"+75 BP|At end of set, +BP equal to (timed set pass count)^2.2",1,1,0,0,blackgarb.png,0,,"AT END OF SET: ROUNDDOWN(TOTAL PASSES^2.2,0)+75"
132,Futon,Seems super comfy.  Great thing to lay on so you can take a break.,Take a break anywhere during a chart,1,1,0,0,futon.png,0,,"ALLOW PLAYER TO PRESS ENTER AT ANY POINT TO TAKE A BREAK DURING THE CHART UNTIL THEY PRESS THE BUTTON AGAIN, WITH APPROPRIATE PROMPTING ON THE SCREEN (maybe at the start tell them to press the green button and once the chart is paused tell them to press it to resume, kinda like scalpel)"
133,Xynn's Mix Tape,This is one of Xynn's fabled mix tapes.  These things are pretty highly sought after.,"Forces .97x rate|The next song you pick will be randomized, and 60 seconds will be added to the break timer if you pass",1,1,0,0,xynnsmixtape.png,0,,"FORCES .97x RATE, PICKS RANDOM SONG FROM DIVISION AND ADDS 60 SECONDS TO BREAK TIMER IF YOU PASS"
134,Club,"Joining this club will result in a headache, which is a good thing for you and a bad thing for whatever you're swinging it at.",+250 MP,1,0,1,0,club.png,+250 MP,,
135,IV Bag,Drip feeds medication to keep you healthy.,Recovers life at set intervals|Forces life 4,1,1,1,0,ivbag.png,0,,"FORCES LIFE 4, ALSO RESTORE LIFE BAR TO FULL AT 20% INTERVALS DURING THE SONG (so 20%, 40%, 60%, and 80%), DISPLAY MESSAGE SO PLAYER KNOWS"
136,Skull Earring,"A keepsake that once belonged to Megaera, one of the Furies.","MP lost to scoring is divided by 1.1, but only if you pass",1,1,1,0,skullearring.png,(35000-(MARATHON SCORE*35000))-((35000-(MARATHON SCORE*35000))/1.1) MP,,
137,mang(o),The holy duality: mang and mango.  Which is it?  Or the correct answer both?  And aren't we all mang(o)?  Deep questions that will require much thought.,"+1000 MP, but only if you pass",1,1,1,0,mango.png,"+1000 MP, but only if you pass",,
138,Magazine,"If mix tapes are so good, where are mix mags?  Here.  This is a mix mag.  It's a magazine about mixes.",+1000 MP,1,1,1,0,magazine.png,+1000 MP,,
139,Massive Pendulum Blade,One of those swinging-blade dungeon traps.  Except massive.  It's not clear how you would use this without inflicting injury on yourself.,+3750 MP|Forces life 5,1,0,1,0,massivependulumblade.png,+3750 MP,,FORCES LIFE 5
140,2% Milk,"If it's only 2% milk, what's the other 98%?",+1500 MP,1,1,1,0,2percentmilk.png,+1500 MP,,
141,Wasabi,One time UPSFANBOY420 swallowed a hunk of this stuff and then felt so sick that he curled up into the fetal position and moaned.  I would advise against doing that.,"+2000 MP, but only if you pass",1,1,1,0,wasabi.png,"+2000 MP, but only if you pass",,
142,Floor Gum,"The legends state that zm picked this gum up off the floor at the DJ Sharpnel show at Colossalcon 2016 and started chewing it.  No, they weren't the original chewer.",+2000 MP,1,1,1,0,floorgum.png,+2000 MP,,
143,Die frohliche Wissenschaft,"Nietzsche's book predicted a particular marathon beast's existence 144 years ahead of time.  Wait, is Nietzsche canon now?","+2500 MP, but only if you pass",1,1,1,0,diefrohlichewissenschaft.png,"+2500 MP, but only if you pass",,
144,Pitch Pipe,Use this if you wanna be in tune!,+2500 MP,1,0,1,0,pitchpipe.png,+2500 MP,,
145,Disco Ball,That's no moon.,"+3000 MP, but only if you pass",1,0,1,0,discoball.png,"+3000 MP, but only if you pass",,
146,Hourai Elixir,Powerful elixir said to grant immortality.,+3000 MP|Forces life 4,1,1,1,0,houraielixir.png,+3000 MP|Forces life 4,,
147,Comet,"Not quite a world ending calamity, but still a bit threatening.",+MP equal to (timed set pass count)^2.45,1,1,1,0,comet.png,+MP equal to (timed set pass count)^2.45,,
148,Meteor,Just a world ending calamity.  Try not to pay it too much heed.,+MP equal to (timed set pass count)^2.5,1,1,1,0,meteor.png,+MP equal to (timed set pass count)^2.5,,(same as meteorite from last year)
149,Fancy Dress,Never love me seriously<br/><br/>Love is just a game<br/><br/>All I need is to have fun with it<br/><br/>The fancy dresses and shoes decorating my closed heart<br/><br/>Are my lonely friends,"+4000 MP, but only if you pass",1,0,1,0,fancydress.png,"+4000 MP, but only if you pass",,
150,William Certificate,"Proof that the title of ""William"" has been conferred.",+4000 MP,1,1,1,0,williamcertificate.png,+4000 MP,,
151,Elevated Metronome,The metronome has to be up high if it's gonna handle those higher tempos.,+1000 MP for each pass at 1.04x rate or above in timed set (max 6000),1,0,1,0,elevatedmetronome.png,+1000 MP for each pass at 1.04x rate or above in timed set (max 6000),,
152,Wrapper,"This piece of foil once contained delicious goodness-- now, only emptiness and sadness.",+4500 MP,1,1,1,0,wrapper.png,+4500 MP,,
153,X-blade,"You say it ""khee-blade"".  Not ""ex-blade"" or ""cross-blade"".  Kheeeeee blade.",+5000 MP,1,0,1,0,x-blade.png,+5000 MP,,
154,Extensionless File,A weird file.  Maybe you should try opening it...?,"+75 BP|+BP equal to total number of mods selected from the Acceleration, Effect and Appearance lines in Uncommon Modifiers * 75|Opens an ""Open With"" prompt",1,0,0,0,extensionlessfile.png,75,,"+((THEME POINTS EQUAL TO MODS SELECTED FROM ACCELERATION, EFFECT, AND APPEARANCE LINES IN UNCOMMON MODIFIERS) * 75)"
155,Kappa Plush,I Passed A Theoretical 38 And All I Got Was This Lousy River Yokai Plush,+7000 MP|Forces 1.15x rate,1,0,1,0,kappaplush.png,+7000 MP,,FORCES 1.15X RATE
156,Urn,"Pieced back together from two parts.  Probably best for holding ashes, but you could probably drink out of it or something too.",Recover all relics consumed on any songs you have failed,1,1,0,0,urn.png,0,,"ON ALL FAILED SONGS, RECOVER ALL CONSUMED RELICS (so reset relics back to original state, but only on songs you failed)"
157,Medal of Freedom,Medal presented to the greatest of Teejusb's buddies.,Forces life 4|Forces 1.00x rate,1,1,0,0,medaloffreedom.png,0,,FORCES LIFE 4 AND FORCES 1.00X RATE
158,Dagger of Time,An artifact stolen in the ages past from a fabled Island of Time.  This powerful relic has the ability to significantly slow down marathon beasts.,"Multiply final MP by (1+((Rate Mod-1)*2)) for rate mods above 1.0x, maximum 1.15x rate|Multiply final MP by (1-((1-Rate Mod)*4)) for rate mods below 1.0x, minimum .85x rate",1,0,1,0,daggeroftime.png,"FINAL MP (after base score and all other relics) * if(AND(RATE>1),1+((RATE-1)*2),if(AND(RATE<1),1-((1-RATE)*4),1)",,"Bonus/penalty based on rate, allows players to rate up to 1.15x or down to .85x"
159,Rusty Sword,"You can defend yourself with this in a pinch, I guess.  It's definitely seen better days.",+20 BP,1,0,0,0,rustysword.png,20,,
160,Grains of Chronos Sand,"The sand in this pouch is said to have been stolen from the god of time.  Perhaps in a time of need, it could help you reclaim some lost moments.",30 seconds added to break timer,1,1,0,0,grainsofchronossand.png,0,,ADDS 30 SECONDS TO BREAK TIMER
161,Shield Rod,A many-eyed rod that draws out the hidden properties of shields.,+100 BP|With Indefatigable Escutcheon equipped: Lv. 6 EP Bonus|With Scrupulous Shield equipped: Lv. 6 AP Bonus|With Alacritous Aspis equipped: Lv. 5 DP Bonus|With Twinned Targe equipped: Lv. 6 RP Bonus|With Twinned Targe equipped: RP for this relic is calculated using chart block level +1,1,1,0,0,shieldrod.png,"100+
IF(INDEFATIGABLE ESCUTCHEON IS EQUIPPED,ROUNDDOWN((EP*0.6),0),0)+
IF(SCRUPULOUS SHIELD IS EQUIPPED,ROUNDDOWN((AP*0.6),0),0)+
IF(ALACRITOUS ASPIS IS EQUIPPED,ROUNDDOWN((DP*0.5),0),0)+
IF(TWINNED TARGE IS EQUIPPED,ROUNDDOWN((RP+1000)/(MAX RP FOR DIVISION/1000)*0.6,0),0)",,TWINNED TARGE RP CALCULATED BASED OFF DIFFICULTY RATING + 1
162,Mablung Sword,Legend has it this blade steeped in aetheric energy was the main arm of an elf from the age of myths.  It has the ability to fortify the nature of any shield paired with it to tremendous effect.,+300 BP|With Indefatigable Escutcheon equipped: Lv. 12 EP Bonus|With Scrupulous Shield equipped: Lv. 12 AP Bonus|With Alacritous Aspis equipped: Lv. 11 DP Bonus|With Twinned Targe equipped: Lv. 12 RP Bonus|With Twinned Targe equipped: RP for this relic is calculated using chart block level +1,1,1,0,0,mablungsword.png,"300+
IF(INDEFATIGABLE ESCUTCHEON IS EQUIPPED,ROUNDDOWN((EP*1.2),0),0)+
IF(SCRUPULOUS SHIELD IS EQUIPPED,ROUNDDOWN((AP*1.2),0),0)+
IF(ALACRITOUS ASPIS IS EQUIPPED,ROUNDDOWN((DP*1.1),0),0)+
IF(TWINNED TARGE IS EQUIPPED,ROUNDDOWN((RP+1000)/(MAX RP FOR DIVISION/1000)*1.2,0),0)",,TWINNED TARGE RP CALCULATED BASED OFF DIFFICULTY RATING + 1
163,Paintbrush,Massive paintbrush that can rewrite reality.  Happy gommage!,Forces life 3,1,1,1,0,paintbrush.png,0,,FORCES LIFE 3
164,Sword Familiar,"Formerly sealed in the form of a card, this sentient weapon's strength grows as you become more experienced.",+BP based on Lifetime EXP (Max 200),1,0,0,0,swordfamiliar.png,"ROUNDDOWN((EXPERIENCE LEVEL/100)*200,0)",,
165,Bronze Trophy,The Stamina Corps awards these trophies to fledgling staminadventurers as thanks for their good deeds.,Access to #bronze-bistro on the <a href=http://www.staminanation.com/ target=_blank>Stamina Nation discord</a> (upon request),1,0,0,0,bronzetrophy.png,0,,
166,Mythril Trophy,A trophy made from a rare metal.  Only given to those who have made substantial contributions to the Stamina Nation.,Access to #mythril-lounge on the <a href=http://www.staminanation.com/ target=_blank>Stamina Nation discord</a> (upon request),1,0,0,0,mythriltrophy.png,0,,
167,Crystal Trophy,Awarded to high class staminadventurers for exceptional achievements.,Access to #crystal-cafe on the <a href=http://www.staminanation.com/ target=_blank>Stamina Nation discord</a> (upon request),1,0,0,0,crystaltrophy.png,0,,
168,Ivory Trophy,Given only to the greatest staminadventurers across all the lands.,Access to #ivory-tower on the <a href=http://www.staminanation.com/ target=_blank>Stamina Nation discord</a> (upon request),1,0,0,0,ivorytrophy.png,0,,
169,Obsidian Trophy,Given only to the... greatester staminadventurers across all the lands?,Access to #tower-annex on the <a href=http://www.staminanation.com/ target=_blank>Stamina Nation discord</a> (upon request),1,0,0,0,obsidiantrophy.png,0,,
170,TPA Standard,A banner commonly flown in battle by TPA regiments.,"At end of set, +100 BP for each song with a 95% or higher",1,1,0,0,tpastandard.png,0,,AT END OF SET: +100 BP FOR ALL PASSED SONGS WITH SCORE OF 95% OR HIGHER (including things outside top 7)
171,Scrupulous Shield,A kite shield featuring DPRT heraldry.<br/><br/>Enhanced by the accuracy of your attacks.,Lv. 2 AP Bonus,1,0,0,0,scrupulousshield.png,"ROUNDDOWN((AP*0.2),0)",,
172,Flawless Iluvatar,"A divine blade passed down through generations of DPRT warriors, this perfect sword can only be truly harnessed by those who can wield it impeccably.<br/><br/>Transcendentally enhanced by the accuracy of your attacks.",+100 BP if score is a 96% or higher|Lv. 5 AP Bonus,1,0,0,0,flawlessiluvatar.png,"ROUNDDOWN((AP*0.5),0)+IF(SCORE>=0.96,100,0)",,
173,Seraphic Ainur,"A treasured arm of the DPRT.  Its blade burns so bright that many of its past wielders have gone partially blind.  As a result, most have used it only in times of great need, sheathing it except for when its great power was a necessity.",+MP equal to 6000 * (Score^10)|All non-fantastic judgments lower your lifebar,1,0,1,0,seraphicainur.png,"+(6000*(SCORE^10),0)",,All non-fantastic judgments lower your lifebar
174,Order of Vidopnir,"Medal bearing the likeness of a legendary falcon who supposedly roosted upon the world tree in Eldamar, far north of Arrownia beyond the All Blue Ocean.  Only issued to the staminadventurers recognized by the TPA to be the most skillful.","At end of set, +BP equal to (AP from top 7 songs) / 3",1,1,0,0,orderofvidopnir.png,"ROUNDDOWN(SUM OF AP FROM TOP 7 PASSES/3,0)",,AT END OF SET: +BP EQUAL TO (AP FROM TOP 7 SONGS) / 3
175,Arvin's Gambit,Well-known set of playing cards from the Footspeed Empire.  Highly prized for their magical qualities.,"If equipped, and you fail the marathon, you may reattempt it immediately with up to 20 additional minutes to warm up/fix the pads.",1,1,1,0,arvinsgambit.png,0,,allows reattempt of marathon after failing with up to 20 additional minutes to warm up/fix the pads.
176,Memepeace Beret,Standard-issue headwear for new Memepeace employees.,"At end of set, +100 BP for each song with a different speed tier 210 and above",1,1,0,0,memepeaceberet.png,0,,AT END OF SET: 100 BP FOR ALL PASSED SONGS IN TIERS 210-330 (including things outside top 7)
177,Alacritous Aspis,A small shield emblazoned with the colors of the Footspeed Empire.<br/><br/>Strongly effective against fast opponents.,Lv. 3 DP Bonus,1,0,0,0,alacritousaspis.png,"ROUNDDOWN((DP*0.3),0)",,
178,Almagest,"Enchanted with magic that can bring forth concentrated hurricane-force winds, few are capable of wielding this ultimate dagger.<br/><br/>Transcendentally effective against fast opponents.",+300 BP|Lv. 5 DP Bonus|Forces 1.04x rate,1,0,0,0,almagest.png,"ROUNDDOWN((DP*0.5),0)+300",,FORCES 1.04x RATE
179,Order of Callisto,"Featuring a relief of the greatest bear of mythology, this legendary item is conferred to only those that render the greatest service to Memepeace.  ",+750 BP for every additional 10 BPM added from rate mods,1,0,0,0,orderofcallisto.png,"750*INT(MAX(0,(BPM*RATE MOD)-BPM)/10)",,FOR EVERY 10 BPM ADDED TO ORIGINAL BPM FROM RATE MODDING ADD 750 BP
180,Slime Badge,A cheaply made badge presented to you by the Stamina Corps for services rendered.,"At end of set, +100 BP for each song with a different speed tier 200 and below",1,1,0,0,slimebadge.png,0,,+100 BP FOR ALL PASSED SONGS IN TIERS 130-200 (including things outside top 7)
181,Indefatigable Escutcheon,Shield bearing the coat of arms of the Stamina Nation.<br/><br/>Strongly effective against large opponents.,Lv. 2 EP Bonus,1,0,0,0,indefatigableescutcheon.png,"ROUNDDOWN((EP*0.2),0)",,
182,Faust's Scalpel,This massive scalpel has the ability to split marathon beasts in two.,"If equipped, the marathon is split into two parts, and you may take up to five minutes of break between them.",1,1,1,0,faustsscalpel.png,0,,ADDS PAUSE SCREEN IN MIDDLE OF MARATHON
183,Muramasa,"An ancient and bloodthirsty weapon from Japan Coast Stamina, this katana's effectivity against large opponents is peerless.<br/><br/>Gains extra effectivity proportionate to an enemy's size.",+50 BP per minute of song length|18% of song length added to break timer,1,0,0,0,muramasa.png,"Rounddown(SONG LENGTH*50,0)",,+18% OF SONG LENGTH ADDED TO BREAK TIMER
184,Order of Azi Dahaka,Awarded to only the most accomplished hunters of marathon beasts.,Allows user to equip an additional two relics,1,1,1,0,orderofazidahaka.png,0,,ALLOWS TWO ADDITIONAL RELICS
185,Nomad Cloak,Traditional garb of the Nomads of the Eight Panels.,"At end of set, +225 BP for every second pass (Max 900)",1,1,0,0,nomadcloak.png,"MIN(FLOOR(PASS COUNT/2)*225,900)",,"AT END OF SET: 225 BP FOR EVERY SECOND PASS (MAX 900)-- so 1 pass: 0, 2 pass: 225, 3 pass: 225, 4 pass: 450"
186,2UP,"Rare, golden 1UP mushrooms that can stave off death.","Twice during the song, fully recover a depleted lifebar",1,1,1,0,2up.png,0,,"TWICE DURING SONG, FULLY RECOVER DEPLETED LIFEBAR (this can be either upon hitting 0 or if that can't be done without a fail, maybe do it at the lowest possible point before missing another arrow would be a fail?)"
187,Twinned Targe,"Round, wooden shield bearing the emblem of the Nomads of the Eight Panels.",Lv. 2 RP Bonus|RP for this relic is calculated using chart block level +1,1,0,0,0,twinnedtarge.png,"ROUNDDOWN((RP+1000)/(MAX RP FOR DIVISION/1000)*0.2,0)",,RP CALCULATED BASED OFF DIFFICULTY RATING + 1
188,Zulfiqar,"Heirloom blade with a double tip.  Its origins are lost to oral tradition, but merely handling this sword is enough to grasp that it holds a mysterious power.",+500 BP for Rank 1 on Lifetime Song WS|+BP based on Lifetime Song WS for Rank 2 and below (Max 350),1,0,0,0,zulfiqar.png,"Iferror(if(SONG WS RANK IS 1ST PLACE,500,rounddown(350*(PLAYER SONG WS/2ND PLACE SONG WS),0)),0)",,
189,Order of Orthrus,"Adorned with the likeness of a mythical two-headed dog, this medal is the highest honor that can be awarded by the Nomads of the Eight Panels.  ",Allows user to equip an additional two relics,1,1,0,0,orderoforthrus.png,0,,ALLOWS TWO ADDITIONAL RELICS
190,Order of Ambrosia,The greatest of honors bestowed upon staminadventurers.,Recover all relics consumed on all played songs,1,1,0,0,orderofambrosia.png,0,,RECOVER ALL CONSUMED RELICS (so reset relics back to original state)
191,Champion Belt,Belt presented to the greatest champions of Stamina Nation.<br/><br/>Single use.,+100 BP|Allows user to equip one additional relic,1,1,0,0,championbelt.png,100,,ALLOWS ONE ADDITIONAL RELIC
192,Godfather's Token,The Godfather of Stamina presents this literal token of his gratitude in thanks for financial contributions to the Stamina Nation.,None,1,0,0,0,godfatherstoken.png,0,,