ID,Stepartist,Pack,Difficulty,Mode,Rating,Song,BPM,Steps,Measures,Length,16ths,24ths,32nds,Break,% Stream,Adj. % Stream,S/B Ratio,Density,Adj. Density,Breakdown,Tier,16ths Mod,16ths Rank,Diff Rating,Score,DP,EP,DP+EP,DP/EP,RP,AP,Total (no bonuses),Total
1,YourVinished,Trails of Cold Stream IV,Expert,Single,23,Calm Passion,248,2524,164,2.65,156,0,0,4,0.9512,0.975,39,16.3,16.29,30 (2) 62 (2) 64,240,149.8069574,16,10.5,1,151,790,941,431,1000,1000,1941,2941
2,mattm,Stamina Alley,Expert,Single,23,Solaris FB 246,246,3387,219,3.56,208,0,0,3,0.9498,0.9674,69.33,16.07,16.1,13 15 31 63 47 (3) 39,240,197.2572925,18,10.5,1,114,895,1009,663,1000,1000,2009,3009
3,Janus5k,Gloryhammer,Expert,Single,23,Magic Dragon,240,4629,323,5.38,283,0,0,18,0.8762,0.9279,15.72,14.79,15.11,16 (2) 23 16 (4) 23 32 (8) 8 (2) 23 32 (2) 39 71,240,251.066238,19,10.5,1,0,948,948,454,1000,1000,1948,2948
4,Kyy,Big Waves,Expert,Single,23,Eljektronnyi Mir,240,8919,655,10.92,504,0,0,116,0.7695,0.8025,4.34,13.7,13.94,15 80 (16) 15 16 (15) 16 (17) 145 23 8 (16) 31 16 (18) 7 7 11 3 (17) 48 (15) 29 (2) 34,240,354.4398974,20,10.5,1,0,1000,1000,632,1000,1000,2000,3000
5,StoryTime,Tachyon Rebirth,Expert,Single,23,Intersect Thunderbolt,250,1995,133,2.13,120,0,0,7,0.9023,0.9375,17.14,15.99,16.11,1 (4) 1 (3) 67 51,250,108.2269173,13,10.5,1,189,632,821,21,1000,1000,1821,2821
6,Levitas,Theoretical Chiptune Pack,Expert,Single,23,Tin Ore (Hard),257,2038,159,2.48,126,0,0,12,0.7925,0.913,10.5,15.13,15.71,/48/ (8) /36/,250,108.9240521,14,10.5,1,321,685,1006,652,1000,1000,2006,3006
7,ITGAlex,Katagiri,Expert,Single,23,risk union,250,3107,241,3.86,189,0,0,30,0.7842,0.8591,6.3,14.64,14.7,35 72 (7) 1 (2) 1 (21) 80,250,148.2285139,15,10.5,1,189,737,926,379,1000,1000,1926,2926
8,ITGAlex,bigger waves,Expert,Single,23,Akayake no Majo,254,3410,273,4.3,204,0,0,36,0.7473,0.843,5.67,14.67,14.78,8 (6) 18 (2) 1 59 32 (24) 70 (4) 16,250,155.2223617,17,10.5,1,265,843,1108,1000,1000,1000,2108,3108
9,ITGAlex,Noah,Expert,Single,23,Astral tale,268,1746,162,2.42,93,0,0,35,0.5741,0.7266,2.66,13.54,14.82,8 (2) 16 (8) 4 (3) 17 (20) 32 (2) 16,260,55.78989939,7,10.5,1,529,316,845,103,1000,1000,1845,2845
10,mattm,Stamina Alley,Expert,Single,23,Vagrant (ft. Veela),263,1727,164,2.49,96,0,0,22,0.5854,0.8136,4.71,13.12,14.71,1 /32/ (14) 1 /32/,260,69.01265521,9,10.5,1,434,422,856,140,1000,1000,1856,2856
11,zaniel,Junts 2,Expert,Single,23,Black Lamp (Restep),260,1723,127,1.95,102,0,0,17,0.8031,0.85,6,15.3,15.41,14 (2) 10 (2) 64 4 (4) 8 (9) 2,260,78.64487978,11,10.5,1,378,527,905,308,1000,1000,1905,2905
12,ITGAlex,Katagiri,Expert,Single,23,kuu,260,2854,283,4.35,153,0,0,72,0.5406,0.6681,2.12,11.49,13.09,15 (17) 15 29 3 14 1 (33) 7 (2) 14 (3) 16 (8) 7 (9) 32,260,80.24865933,12,10.5,1,378,579,957,485,1000,1000,1957,2957
13,nv,Recycle Bin Streams,Expert,Single,23,Curry Meshi is a Miracle,272,1374,124,1.82,72,0,0,38,0.5806,0.6545,1.89,12.87,13.68,16 (16) 8 (20) 32 (2) 16,270,36.54163185,5,10.5,1,604,211,815,0,1000,1000,1815,2815
14,ITGAlex,StreamVoltex ep.2,Expert,Single,23,A Lasting Promise,270,1617,134,1.99,91,0,0,27,0.6791,0.7459,3.37,14.79,14.78,10 (8) 6 (2) 14 (2) 16 (7) 8 26 (8) 8 1 1 1,270,56.92858166,8,10.5,1,567,369,936,413,1000,1000,1936,2936
15,YourVinished,Trails of Cold Stream IV,Expert,Single,23,Concept HMI (Hard),270,1791,167,2.47,100,0,0,64,0.5988,0.6098,1.56,12.29,12.28,32 (16) 32 (48) 36,270,45.3210405,6,10.5,1,567,264,831,55,1000,1000,1831,2831
16,Janus5k,Gloryhammer,Expert,Single,23,The Fires of Ancient Cosmic Destiny (Part 1),270,3017,266,4,138,0,0,72,0.5188,0.6571,1.92,13.1,13.54,16 (16) 32 (20) 28 (20) 32 (16) 30,270,70.48382008,10,10.5,1,567,474,1041,772,1000,1000,2041,3041
17,Aoreo,BangerZ 3,Expert,Single,23,Love This Feelin',285,877,108,1.51,42,0,0,15,0.3889,0.7368,2.8,10.53,15.06,/6/ (2) /6/ (4) /2/ (2) /8/ (2) /6/,280,25.76372637,4,10.5,1,850,158,1008,659,1000,1000,2008,3008
18,yutsi,the,Expert,Single,23,Soapy Bubble,282,1182,126,1.79,51,0,0,50,0.4048,0.505,1.02,11.97,12.62,1 (15) 1 (2) 16 (31) 1 (2) 32,280,17.09371194,2,10.5,1,793,53,846,106,1000,1000,1846,2846
19,ExJam11,Exjam11 Preservatives,Expert,Single,23,The Steel Monster Above The City,290,1154,156,2.15,24,,0,76,0.1538,0.24,1.09,9.43,9.49,6 (6) /2/ 1 /2/ (3) 1 *9* /1/ (3) 5 (20) 1 (2) 1 5 *3*,290,2.44652258,1,10.5,1,944,0,944,441,1000,1000,1944,2944
20,tyler.exe,Stamina Alley,Expert,Single,23,Inferno,293,1177,111,1.52,55,0,0,50,0.4955,0.5238,1.37,13.28,13.35,/6/ (3) /2/ 1 /5/ 1 (18) /6/ (6) /2/ 1 /9/ (3) /7/ 1,290,19.54463121,3,10.5,1,1000,106,1106,994,1000,1000,2106,3106
21,UVCat,The Sound of Speed,Expert,Single,24,Crisis City,243,6325,416,6.84,392,0,0,11,0.9423,0.9727,43.5,15.64,15.66,/39/ /23/ /39/ /90/ (6) /7/ /31/ /32/,240,375.0181892,22,32.5,1,50,914,964,514,2000,1000,2964,3964
22,StoryTime,The Main Ingredient 2020,Expert,Single,24,For Creatures Such As We FB 246,246,6697,443,7.2,410,0,0,16,0.9255,0.9382,25.62,15.71,15.71,1 159 1 3 3 3 19 3 3 3 132 (16) 16 64,240,370.2171579,21,32.5,1,100,870,970,538,2000,1000,2970,3970
23,Rust,Petriform's Factory,Expert,Single,24,Funky Fresh Blitz FB 240,240,9542,687,11.45,567,0,0,90,0.8253,0.8526,6.3,14.16,14.24,15 55 7 39 27 (8) 16 (16) 27 16 (25) 14 (2) 7 87 (5) 51 (9) 25 66 (8) 23 (17) 53 39,240,439.3145469,24,32.5,1,0,1000,1000,657,2000,1000,3000,4000
24,yutsi & StarrySergal,itg! Rhythm is just a step away,Expert,Single,24,Because Maybe! pt.3,240,10076,735,12.25,585,0,0,124,0.7959,0.808,4.72,13.75,13.84,7 7 (5) 7 8 (2) 1 1 (18) 24 15 16 (8) 36 (2) 32 (8) 20 (18) 23 7 7 7 (9) 7 15 1 (3) 7 (3) 33 (3) 2 (2) 2 (2) 2 (2) 1 15 23 (3) 2 (2) 2 (2) 2 (2) 1 30 (4) 2 (2) 2 (2) 2 (2) 33 15 16 (4) 30 (2) 62 (10) 14 (2) 30 (2) 16,240,415.9240596,23,32.5,1,0,957,957,487,2000,1000,2957,3957
25,Levitas,Trails of Cold Stream IV,Expert,Single,24,Glessing Way FB 250,250,3650,238,3.81,224,0,0,8,0.9412,0.9655,28,16.11,16.25,122 (4) 98 (4) 4,250,211.7637716,18,32.5,1,167,740,907,289,2000,1000,2907,3907
26,Levitas,fof,Expert,Single,24,Golden Love (Mr. Frenkie Remix),258,4191,321,4.98,235,0,0,66,0.732,0.7807,3.73,14.44,14.44,/16/ (24) /32/ (6) 2 /14/ (3) /31/ (4) 4 (7) 1 /64/,250,158.1402967,15,32.5,1,300,609,909,297,2000,1000,2909,3909
27,ITGAlex,Katagiri,Expert,Single,24,Never to Fade Away,250,4099,282,4.51,248,0,0,17,0.8794,0.9323,14.59,15.64,15.82,60 (8) 101 (9) 43 44,250,221.6872804,19,32.5,1,167,783,950,459,2000,1000,2950,3950
28,tyler.exe,tyler.exe,Expert,Single,24,Vampire Edge FB 254,254,4125,286,4.5,253,0,0,21,0.8846,0.9234,12.05,15.82,15.89,33 (8) 16 (2) 30 (2) 16 (2) 126 (7) 32,250,222.7123567,20,32.5,1,234,827,1061,898,2000,1000,3061,4061
29,yutsi,yutsi-type beats,Expert,Single,24,Trojans,266,3457,298,4.48,168,1,0,74,0.5638,0.6942,4.43,13.3,13.88,1 (8) *4* *2* 1 (2) *5* 1 *6* 4 *4* *1* *10* (2) /1/ *14* 1 *7* 1 *6* *6* 8 (5) *8* ~1~ (6) *3* ~1~ *3* *3* *2*,260,93.68814857,13,32.5,1,434,522,956,483,2000,1000,2956,3956
30,Zaia,Big Waves,Expert,Single,24,You Say Run,263,2920,246,3.75,168,0,0,39,0.6829,0.8116,4.5,14.89,14.78,1 /16/ 1 /16/ (7) 1 /30/ (19) 1 /16/ 1 /34/,260,120.2974837,14,32.5,1,384,566,950,459,2000,1000,2950,3950
31,Zaia,Saitama's Ultimate Weapon,Expert,Single,24,Shock!! (Restep),260,2926,192,2.95,178,0,0,0,0.9271,0.9889,0,16.86,17.22,83 79 16,260,174.8492627,16,32.5,1,334,653,987,605,2000,1000,2987,3987
32,StoryTime,Pendulum Act IV,Expert,Single,24,Self vs. Self,261,4080,308,4.71,245,0,0,56,0.7955,0.814,4.56,14.72,14.78,/16/ (14) 1 /49/ (4) /64/ (18) /34/,260,176.2646132,17,32.5,1,350,696,1046,838,2000,1000,3046,4046
33,Chief Skittles,bigger waves,Expert,Single,24,Knights Assault,276,1476,137,1.99,78,0,0,38,0.5693,0.6724,2.05,12.67,13.7,32 (14) 20 (10) 8 (14) 18,270,41.33319056,8,32.5,1,600,305,905,281,2000,1000,2905,3905
34,StarrySergal,Big Waves,Expert,Single,24,Rocky Buinne,277,1989,165,2.38,105,0,0,43,0.6364,0.6908,2.44,14.26,14.72,1 (3) 2 7 7 24 (21) 4 (12) 19 8 (7) 33,270,58.09690881,10,32.5,1,617,392,1009,692,2000,1000,3009,4009
35,YourVinished,Trails of Cold Stream IV,Expert,Single,24,Gens D'Armes (Medium),272,2289,183,2.69,112,0,0,51,0.612,0.6871,2.2,14.49,15.3,32 (16) 32 (35) 48,270,61.4398208,11,32.5,1,534,435,969,534,2000,1000,2969,3969
36,YourVinished,Trails of Cold Stream IV,Expert,Single,24,Vacant Interference,270,2544,228,3.38,136,0,0,52,0.5965,0.712,2.62,13.13,14.18,14 (2) 14 15 (10) 7 (17) 14 (2) 14 24 4 (2) 16 (10) 7 (9) 7,270,78.97813939,12,32.5,1,500,479,979,574,2000,1000,2979,3979
37,Levitas,fof,Expert,Single,24,Digital Kiss feat. Stephanie Yanez,288,1324,144,2.14,64,0,0,36,0.4444,0.64,1.83,11.19,13.8,*16* (18) 1 *16*,280,31.33775871,4,32.5,1,800,131,931,384,2000,1000,2931,3931
38,Aoreo,BangerZ 3,Expert,Single,24,Never Ending Story (Hard) (Power Club Vocal Mix),280,1143,123,1.76,64,0,0,32,0.5203,0.6667,2,12.58,13.28,16 (32) 48,280,33.45559069,5,32.5,1,667,174,841,28,2000,1000,2841,3841
39,Chief Skittles,bigger waves,Expert,Single,24,RFN - III (Cut),280,1170,94,1.34,64,0,0,16,0.6809,0.8,4,14.84,15.98,48 (16) 16,280,44.78411055,9,32.5,1,667,348,1015,716,2000,1000,3015,4015
40,ITGAlex,StreamVoltex ep.2,Expert,Single,24,iLLness LiLin,280,1560,138,1.97,77,0,0,44,0.558,0.616,1.75,13.68,13.94,1 (4) 2 (2) 12 3 (2) 4 (2) 7 7 (27) 7 3 2 (2) 28 (5) 1,280,35.46662513,7,32.5,1,667,261,928,372,2000,1000,2928,3928
41,Aoreo,BangerZ 3,Expert,Single,24,The Only Thing I Know for Real (Maniac Agenda,290,1462,170,2.34,36,0,0,86,0.2118,0.2951,1.72,10.77,11.35,1 (8) *1* (2) 3 (4) 4 (4) *7* *4* /1/ (3) 3 ~1~ 1 *1* 1 (2) *1* *2* 9 (2) 2 *2*,290,5.108027609,1,32.5,1,834,0,834,0,2000,1000,2834,3834
42,mattm,Stamina Alley,Expert,Single,24,Mongolian Grill,291,1302,128,1.76,69,0,0,39,0.5391,0.6389,1.77,13.38,14.18,14 (22) 39 (17) 16,290,33.69315747,6,32.5,1,850,218,1068,925,2000,1000,3068,4068
43,Levitas,Big Waves,Expert,Single,24,The World Ends Now,300,1089,142,1.9,45,0,0,48,0.3169,0.4839,1.52,10.68,12.46,/1/ /3/ 1 /3/ 1 /3/ 1 (2) /1/ 1 /3/ /3/ (21) /3/ /3/ 1 /3/ 1 /3/ 1 (2) /1/ 1,300,14.08709713,2,32.5,1,1000,44,1044,831,2000,1000,3044,4044
44,Levitas,Theoretical Chiptune Pack,Expert,Single,24,Toho Mathematics (Restep),300,1782,168,2.24,64,0,0,82,0.381,0.4384,0.78,13.58,14.03,16 (32) 16 (34) 16 (16) 16,300,17.10696027,3,32.5,1,1000,87,1087,1000,2000,1000,3087,4087
45,Rust,Content Cop - Tachyon Epsilon,Expert,Single,25,Call of The Hound FB 255,255,5323,386,6.05,308,0,0,31,0.7979,0.9086,9.94,14.81,16.12,97 (15) 1 (16) 210,250,264.2086844,21,56.5,1,84,870,954,556,3000,1000,3954,4954
46,Zaia,Big Waves,Expert,Single,25,Life Burst (Liquid E.T. Remix) FB 250,250,6176,439,7.02,372,0,0,23,0.8474,0.9323,16.17,15.5,16.06,1 (14) 15 62 (2) 16 (2) 11 (3) 14 16 159 30 (2) 48,250,332.5309206,23,56.5,1,0,957,957,565,3000,1000,3957,4957
47,Janus5k,Stamina Showcase 3,Expert,Single,25,Panic Attack FB 255,255,6556,459,7.2,397,0,0,50,0.8649,0.8881,7.94,15.55,15.56,24 (5) 54 (17) 25 (3) 11 (13) 48 (8) 26 (2) 146 (2) 63,250,328.3443132,22,56.5,1,84,914,998,695,3000,1000,3998,4998
48,nv,Theoretical Eurobeat Pack,Expert,Single,25,EUROBEAT HOLIC EX -NON-STOP MEGA MIX- (Part5),252,9613,666,10.57,566,0,0,68,0.8498,0.8927,9.32,15.26,15.31,/8/ (4) /42/ (2) /16/ (3) 1 /18/ (6) /14/ (12) /32/ /24/ /24/ /16/ /1/ /1/ 3 /6/ (4) /6/ (2) /7/ /18/ (2) /4/ /22/ (2) /1/ /10/ (2) /4/ /16/ (2) /16/ /3/ /39/ ~1~ /15/ ~1~ /7/ 1 /7/,250,472.0035737,24,56.5,1,34,1000,1034,808,3000,1000,4034,5034
49,Levitas,Trails of Cold Stream IV,Expert,Single,25,Belief,268,2381,163,2.43,147,0,0,11,0.9018,0.9304,13.36,16.51,16.79,1 (4) 138 (3) 1 (4) 7,260,130.9751358,15,56.5,1,300,609,909,414,3000,1000,3909,4909
50,Chief Skittles,Trails of Cold Stream IV,Expert,Single,25,Great Plains - Pan-Gaia,265,2711,192,2.9,164,0,0,0,0.8542,1,0,16.63,17.67,164,260,164,19,56.5,1,250,783,1033,805,3000,1000,4033,5033
51,YourVinished,Trails of Cold Stream IV,Expert,Single,25,The Strongest Foe,266,3879,320,4.81,215,0,0,48,0.6719,0.8144,4.48,13.69,15.3,15 32 (6) 66 (40) 32 (2) 70,260,154.8028257,17,56.5,1,267,696,963,584,3000,1000,3963,4963
52,Archi,Pendulum Act IV,Expert,Single,25,Hold Your Colour FB 264,264,4157,344,5.2,246,0,0,30,0.7151,0.8913,8.2,13.61,15.97,/38/ (2) /46/ (2) /16/ (14) /32/ (2) /32/,260,204.6319098,20,56.5,1,234,827,1061,893,3000,1000,4061,5061
53,Archi,Stream Fantasy,Expert,Single,25,"Battle Theme (FFXI, FFRK Ver.arrange from Battle Medley)",278,1476,125,1.79,90,0,0,12,0.72,0.8824,7.5,15.38,16.39,/36/ (8) /24/,270,73.6728225,11,56.5,1,467,435,902,392,3000,1000,3902,4902
54,StarrySergal,Stamina Alley,Expert,Single,25,Heel and Toe,278,1970,132,1.9,122,0,0,0,0.9242,1,0,18.52,18.5,/81/,270,122,14,56.5,1,467,566,1033,805,3000,1000,4033,5033
55,Aoreo,Jimmy Jawns 4,Expert,Single,25,The Violation,270,4273,310,4.71,217,0,0,46,0.7,0.775,4.72,15.39,16.59,7 6 (2) 5 (2) 1 4 (2) 7 (2) 5 (2) 8 6 (3) 5 (2) 15 7 7 7 6 (4) 6 6 (3) 5 1 4 (2) 16 7 6 7 (8) 13 (3) 7 (3) 6 (2) 5 1 6 (2) 6 (4) 6 7 6,270,144.3252963,16,56.5,1,334,653,987,660,3000,1000,3987,4987
56,ITGAlex,Noah,Expert,Single,25,The end,270,4327,332,4.92,244,0,0,69,0.7349,0.7771,3.54,15.26,15.4,1 (2) 46 (9) 32 (5) 1 (18) 28 (9) 48 (8) 9 30 (16) 48 (2) 1,270,162.986968,18,56.5,1,334,740,1074,934,3000,1000,4074,5074
57,StoryTime,fofmas 2,Expert,Single,25,8Bit Assassin,285,1328,110,1.54,66,0,0,17,0.6,0.7952,7.38,15.69,15.46,8 /7/ 1 /7/ 1 (8) /7/ /15/ 1 /8/ 4,280,45.74105,8,56.5,1,584,305,889,351,3000,1000,3889,4889
58,Levitas,Trails of Cold Stream IV,Expert,Single,25,Fateful Confrontation (Restep) (Fight! Ver. Evolution),280,1615,119,1.7,90,0,0,16,0.7563,0.8491,5.62,16.1,16.91,46 (2) 32 (14) 12,280,69.2750192,9,56.5,1,500,348,848,221,3000,1000,3848,4848
59,StarrySergal,Stamina Alley,Expert,Single,25,Subboss Theme,280,1534,114,1.63,90,0,0,6,0.7895,0.9184,15,16.13,17.58,31 14 (6) 31 14,280,78.54047248,13,56.5,1,500,522,1022,770,3000,1000,4022,5022
60,ITGAlex,ITGAlex's Footspeed Fiesta,Expert,Single,25,Quantum Sea Lindwurm,280,1687,126,1.8,97,0,0,15,0.7698,0.8584,6.47,16.97,17.13,13 (9) 5 (4) 34 (2) 34 11,280,75.9757977,12,56.5,1,500,479,979,635,3000,1000,3979,4979
61,tyler.exe,Stamina Alley,Expert,Single,25,OVERBLAST!!,294,1038,88,1.2,60,0,0,16,0.6818,0.7895,3.75,15.14,15.8,*3* *4* (4) *3* *16* (4) *4*,290,41.10689421,4,56.5,1,734,131,865,275,3000,1000,3865,4865
62,Levitas,Big Waves,Expert,Single,25,Blue Planet,294,1185,136,1.85,62,0,0,48,0.4559,0.5636,1.33,12.31,12.43,*16* (24) 1 *8* *7*,290,24.77109841,2,56.5,1,734,44,778,0,3000,1000,3778,4778
63,Zaia,Big Waves,Expert,Single,25,Beyond the Power,290,1667,163,2.25,86,0,0,39,0.5276,0.6615,2.21,13.17,14.85,1 14 (2) 14 (2) 15 (33) 3 3 3 3 15 (2) 15,290,44.39624188,6,56.5,1,667,218,885,338,3000,1000,3885,4885
64,ITGAlex,ITGAlex's Footspeed Fiesta,Expert,Single,25,Revived,290,2872,251,3.46,150,0,0,88,0.5976,0.6173,1.7,14.05,14.2,1 (5) 17 16 (16) 1 28 1 24 (16) 18 (15) 1 (15) 1 (3) 8 (16) 1 (2) 26 7,290,69.32426954,10,56.5,1,667,392,1059,887,3000,1000,4059,5059
65,Levitas,Theoretical Chiptune Pack,Expert,Single,25,Indignant Divinity (Hard),300,1370,113,1.51,74,0,0,28,0.6549,0.7255,2.64,15.57,16.4,22 (2) 14 (9) 1 (7) 1 (8) 22 (2) 14,300,44.28448379,5,56.5,1,834,174,1008,726,3000,1000,4008,5008
66,Aoreo,fof,Expert,Single,25,Neverland,300,2157,228,3.04,108,0,0,73,0.4737,0.5806,1.48,12.48,13.59,1 15 16 (16) 16 3 11 (40) 31 2 (2) 6 (2) 3 (13) 4,300,45.25087755,7,56.5,1,834,261,1095,1000,3000,1000,4095,5095
67,tyler.exe,tyler.exe,Expert,Single,25,SAtAN FB 310,310,1399,148,1.91,58,0,0,47,0.3919,0.5225,1.23,12.64,14.48,6 (2) 4 (4) 7 7 7 4 (2) 1 (33) 6 (2) 4 (4) 7 1 1 3,310,20.52891825,1,56.5,1,1000,0,1000,701,3000,1000,4000,5000
68,StarrySergal,Big Waves,Expert,Single,25,Holic,310,1182,109,1.41,61,0,0,39,0.5596,0.61,1.56,14.97,15.05,14 (7) 13 (15) 4 (3) 10 (5) 15 (9) 5,310,27.66034362,3,56.5,1,1000,87,1087,975,3000,1000,4087,5087
69,Zaia,fof,Expert,Single,26,X Soldier Storm (dier Storm),260,796,75,1.15,1,0,0,27,0.0133,0.0175,0.04,11.98,13.63,1 (7) ~1~ (2) ~12~ (4) ~12~ (8) ~2~ (6) ~2~,260,0.001544759511,1,80.5,1,0,0,0,0,4000,1000,4000,5000
70,tyler.exe,tyler.exe,Expert,Single,26,The reviving nightmare REMIX (true) FB 266,266,4326,277,4.17,267,0,0,0,0.9639,0.9709,0,17.5,17.44,83 3 3 99 35 3 3 19 19,260,254.6774326,21,80.5,1,100,870,970,827,4000,1000,4970,5970
71,Rust,Feelin' Rusty 4,Expert,Single,26,The Sun Rises,260,5723,369,5.68,352,0,0,6,0.9539,0.9832,58.67,16.94,17.26,112 (2) 112 (2) 112 (2) 16,260,342.5860347,22,80.5,1,0,914,914,779,4000,1000,4914,5914
72,Zaia,Theoretical DNB Pack,Expert,Single,26,Astral Traveller (Xenofish Remix),266,7197,509,7.66,446,0,0,33,0.8762,0.9311,13.5,16.59,16.58,/30/ (2) /64/ (16) /15/ /62/ (2) /62/ (2) /64/,260,397.8588119,23,80.5,1,100,957,1057,901,4000,1000,5057,6057
73,Levitas,fof 2 - secret santa,Expert,Single,26,Return to Oblivion (Hard),260,7693,520,8,477,0,0,23,0.9173,0.9502,20.74,16.6,16.6,31 64 (2) 95 (17) 48 (2) 95 64 (2) 80,260,439.5643077,24,80.5,1,0,1000,1000,852,4000,1000,5000,6000
74,Levitas,Big Waves,Expert,Single,26,Reunion (Restep),276,3119,227,3.28,182,0,0,0,0.8017,1,0,16.49,18.26,1 /121/,270,182,17,80.5,1,267,696,963,821,4000,1000,4963,5963
75,Levitas,Theoretical Chiptune Pack,Expert,Single,26,Songs From The Cell,274,3439,253,3.69,213,0,0,16,0.8419,0.9261,13.31,16.71,16.95,176 (16) 36 1,270,188.3788833,18,80.5,1,234,740,974,830,4000,1000,4974,5974
76,ITGAlex,Noah,Expert,Single,26,World's end -Millefolium-,270,4588,374,5.54,279,0,0,37,0.746,0.8801,7.54,16.28,16.28,8 (5) 1 (6) 3 3 (2) 1 (7) 190 (15) 72 (2) 1,270,227.4340248,20,80.5,1,167,827,994,847,4000,1000,4994,5994
77,StoryTime,bigger waves,Expert,Single,26,Marionette Bigger Waves Rebuild,272,4730,375,5.51,281,0,0,51,0.7493,0.8464,5.51,14.41,15.74,16 (12) 16 (2) 67 (5) 38 (4) 70 (24) 6 (2) 16 (2) 52,270,215.1926171,19,80.5,1,200,783,983,838,4000,1000,4983,5983
78,Levitas,Theoretical Chiptune Pack,Expert,Single,26,Maggie's Quest,280,2088,146,2.09,128,0,0,0,0.8767,1,0,17.78,18.67,128,280,128,16,80.5,1,334,653,987,841,4000,1000,4987,5987
79,StarrySergal,Pendulum Act III,Expert,Single,26,The Vulture,280,3146,286,4.09,160,0,0,42,0.5594,0.7921,3.03,13.49,13.49,16 (14) 2 *7* *7* (2) *14* *7* (2) *15* (13) 2 *15* (2) *15*,280,110.1965515,13,80.5,1,334,522,856,730,4000,1000,4856,5856
80,YourVinished,Trails of Cold Stream IV,Expert,Single,26,Exceed!,280,3364,271,3.87,185,0,0,66,0.6827,0.7312,2.8,14.64,15.13,40 (24) 15 22 (2) 31 (8) 24 (24) 31 14 (8) 8,280,112.1061972,14,80.5,1,334,566,900,767,4000,1000,4900,5900
81,tyler.exe,tyler.exe,Expert,Single,26,Kyouran Hey Kids!! (Restep),284,3526,292,4.11,198,0,0,82,0.6781,0.7071,2.41,14.44,14.76,16 (16) 14 (2) 28 (4) 14 (2) 14 (2) 28 (16) 28 (36) 40 (4) 16,280,113.7193922,15,80.5,1,400,609,1009,860,4000,1000,5009,6009
82,tyler.exe,big waves,Expert,Single,26,Disconnected -Trance Mix- (Restep),296,1363,114,1.54,72,0,0,8,0.6316,0.9,9,16.16,18.75,24 (8) 48,290,60.83037749,9,80.5,1,600,348,948,808,4000,1000,4948,5948
83,Levitas,Theoretical Chiptune Pack,Expert,Single,26,Royally Screwed,291,1615,138,1.9,96,0,0,15,0.6957,0.8649,6.4,15.92,17.27,/32/ (2) /16/ (8) /16/,290,76.1056095,10,80.5,1,517,392,909,775,4000,1000,4909,5909
84,YourVinished,Trails of Cold Stream IV,Expert,Single,26,Monstrum Spectrum,290,1614,105,1.45,100,0,0,2,0.9524,0.9804,50,19.12,19.11,80 (2) 20,290,96.8824882,12,80.5,1,500,479,979,834,4000,1000,4979,5979
85,Levitas,fof,Expert,Single,26,Crystallized Silver,292,2032,163,2.23,115,0,0,28,0.7055,0.8042,4.11,16.05,16.79,32 (14) 66 (14) 17,290,81.1484727,11,80.5,1,534,435,969,826,4000,1000,4969,5969
86,Aoreo,Bangerz 3,Expert,Single,26,Almost There (Hard),305,1494,190,2.49,72,0,0,66,0.3789,0.5217,1.09,10.21,12.11,40 (66) 32,300,25.42177293,3,80.5,1,750,87,837,713,4000,1000,4837,5837
87,Zaia,fof,Expert,Single,26,Don't Speak,300,1475,154,2.05,74,0,0,46,0.4805,0.6167,1.61,12.54,13.61,5 (11) 5 (35) 64,300,34.14680207,4,80.5,1,667,131,798,680,4000,1000,4798,5798
88,StoryTime,big waves,Expert,Single,26,Icefield White Knight,300,1405,114,1.52,80,0,0,16,0.7018,0.8333,5,16.26,17.63,16 (8) 16 (8) 48,300,59.75471755,8,80.5,1,667,305,972,828,4000,1000,4972,5972
89,Zaia,Trails of Cold Stream IV,Expert,Single,26,Burning Throb,300,1566,123,1.63,85,0,0,44,0.6911,0.6589,0.14,16.48,16.78,1 ~3~ (7) 1 ~24~ (8) ~38~ (6) ~3~ 1,300,43.60438221,7,80.5,1,667,261,928,791,4000,1000,4928,5928
90,Chief Skittles,Unnamed bigger waves Sequel,Expert,Single,26,The Battle of Stomperz,310,991,95,1.23,49,0,0,38,0.5158,0.5632,1.29,13.76,14.31,1 (10) 2 (14) 12 (14) 34,310,19.55493217,2,80.5,1,834,44,878,748,4000,1000,4878,5878
91,Nico,fof,Expert,Single,26,Her Kingdom come,310,1979,184,2.37,89,0,0,59,0.4837,0.6014,1.51,14.44,15.62,15 (25) 28 (9) 15 (25) 31,310,39.45040669,6,80.5,1,834,218,1052,897,4000,1000,5052,6052
92,nv,Recycle Bin Streams,Expert,Single,26,XENON II 銆淭OMOYUKI�噹鏈涖��,320,1562,150,1.87,76,0,0,42,0.5067,0.6441,1.81,14.17,16.19,6 (2) 14 (2) 14 (18) 14 (18) 14 (2) 14,320,37.59576021,5,80.5,1,1000,174,1174,1000,4000,1000,5174,6174
93,Zaia,Theoretical Sharpnel Pack,Expert,Single,27,Lost Connections FB 279,279,5111,356,5.1,312,0,0,36,0.8764,0.8966,9.09,17.07,17.07,/96/ (18) 1 (5) /112/,270,262.0068038,21,104.5,1,139,870,1009,739,5000,1000,6009,7009
94,mattm,Stamina Alley,Expert,Single,27,Disclude,274,5196,382,5.58,320,0,0,32,0.8377,0.9091,10,16.39,16.81,*80* (16) *80*,270,274.7442618,22,104.5,1,62,914,976,600,5000,1000,5976,6976
95,Chief Skittles,Skittles Stream Collection,Expert,Single,27,The Star of Collapse Cmod This,270,9480,693,10.29,573,0,0,93,0.8268,0.8604,6.08,15.96,15.94,/144/ (24) /106/ 1 (13) /11/ (12) 112 (3) 1 (3) 1 (3) 1 (3) 1 (3) 1 (3) 1 (3) 1 (3) 63,270,450.4797411,23,104.5,1,0,957,957,519,5000,1000,5957,6957
96,Levitas,The Sound of Speed,Expert,Single,27,Supersonic Advance (Act 3),270,9777,660,10.87,596,0,0,43,0.903,0.9327,13.84,15.09,15.29,/66/ (2) /32/ 1 /31/ (8) /63/ (8) /116/ (12) 34 (2) 100,270,533.1303695,24,104.5,1,0,1000,1000,701,5000,1000,6000,7000
97,nv,epicer,Expert,Single,27,Starry Jet,288,2432,166,2.31,149,0,0,6,0.8976,0.943,24.83,18.24,18.42,14 (2) 47 8 21 (2) 30 (2) 15 14,280,135.6453707,16,104.5,1,277,653,930,406,5000,1000,5930,6930
98,Levitas,fof,Expert,Single,27,Hawkeye,282,3858,254,3.61,237,0,0,0,0.9331,1,0,18.16,18.75,/158/,280,237,20,104.5,1,185,827,1012,752,5000,1000,6012,7012
99,Zaia,Saitama's Ultimate Weapon,Expert,Single,27,Fierce Fight,280,4299,308,4.4,256,0,0,27,0.8312,0.8982,9.48,16.5,17.1,63 64 (12) 1 (3) 63 64 (12) 1,280,215.5940875,18,104.5,1,154,740,894,254,5000,1000,5894,6894
100,Levitas,Pendulum Act III,Expert,Single,27,Set Me On Fire,280,4706,356,5.09,284,0,0,52,0.7978,0.8452,5.96,15.96,16.14,*7* *7* ~1~ (6) 1 *80* (18) *48*,280,216.9968959,19,104.5,1,154,783,937,435,5000,1000,5937,6937
101,Levitas,Theoretical Helblinde Pack,Expert,Single,27,Beyond Life (Cut) FB 294,294,1510,101,1.37,94,0,0,2,0.9307,0.9792,47,19.27,19.26,62 (2) 32,290,90.89125525,12,104.5,1,370,479,849,64,5000,1000,5849,6849
102,hank,Hank,Expert,Single,27,Monstrum Spectrum (Super Ultimate) (Cut) FB 290,290,1633,113,1.56,102,0,0,0,0.9027,1,0,19.35,19.33,102,290,102,14,104.5,1,308,566,874,169,5000,1000,5874,6874
103,nv,epicer,Expert,Single,27,CENSORED!! FB 297,297,2912,237,3.19,161,0,0,56,0.6793,0.7419,3.53,15.91,16.21,/15/ 1 /16/ (14) 1 /9/ 1 /6/ (4) /11/ 1 /16/ (6) 1 /9/ 1 /6/ (8) /19/,290,99.85698973,13,104.5,1,416,522,938,439,5000,1000,5938,6938
104,mattm,Stamina Alley,Expert,Single,27,ever snow,290,3561,265,3.66,215,0,0,34,0.8113,0.8532,6.32,16.49,16.98,8 (2) 46 (8) 1 24 (2) 46 (8) 1 24 (8) 24 (6) 1 40,290,166.7707242,17,104.5,1,308,696,1004,718,5000,1000,6004,7004
105,Levitas,Theoretical Chiptune Pack,Expert,Single,27,Starquaker (Hard),300,1889,144,1.92,114,0,0,18,0.7917,0.8636,6.33,16.75,17.64,40 (16) 42 (2) 32,300,90.15816527,11,104.5,1,462,435,897,266,5000,1000,5897,6897
106,Levitas,fofmas 2,Expert,Single,27,Solstice Title Screen,300,2108,154,5.5,120,0,0,24,0.7792,0.8163,5,6.47,6.56,16 (4) 49 1 1 1 (14) 49 (2) 1 (2) 1 (2) 1,300,86.72432343,10,104.5,1,462,392,854,85,5000,1000,5854,6854
107,Zaia,Saitama's Ultimate Weapon,Expert,Single,27,Satomi Tadashi Pharmacy FB 307,307,2968,249,3.24,149,0,0,72,0.5984,0.6742,2.07,16.36,16.71,1 (7) 1 (4) 15 (9) 40 (3) 1 (7) 1 (12) 16 (17) 2 (5) 2 (4) 6 (2) 48 (2) 16,300,79.29544953,8,104.5,1,570,305,875,173,5000,1000,5875,6875
108,Storytime,bigger waves,Expert,Single,27,ANSWER,300,3425,278,3.71,199,0,0,71,0.7158,0.7343,2.8,15.74,15.71,16 (16) 17 (3) 29 (3) 16 (16) 17 (3) 29 (19) 29 (3) 3 28 (8) 15,300,121.4089551,15,104.5,1,462,609,1071,1000,5000,1000,6071,7071
109,Zaia,Dump Dump Revolution,Expert,Single,27,B4U (Hard),310,1621,128,1.65,96,0,0,16,0.75,0.8571,6,17.18,18.32,*20* (4) *20* (4) *8*,310,75.01042484,7,104.5,1,616,261,877,182,5000,1000,5877,6877
110,Levitas,Theoretical Nonexistent Pack,Expert,Single,27,Crab Rave,313,1445,203,2.59,100,0,0,40,0.4938,0.7143,2.5,10.45,12.57,40 (32) 40,310,58.37260032,5,104.5,1,662,174,836,9,5000,1000,5836,6836
111,Zaia,The Sound of Speed,Expert,Single,27,Network Terminal,310,2445,216,2.78,132,0,0,66,0.6111,0.6667,2,15.28,15.71,/8/ (8) /8/ (14) /32/ (8) /8/ (14) /32/,310,69.0021558,6,104.5,1,616,218,834,0,5000,1000,5834,6834
112,Chief Skittles,bigger waves,Expert,Single,27,Chronotopos,310,3112,286,3.69,160,0,0,82,0.5594,0.6612,2.1,14.78,15.09,*16* (3) 1 (3) 1 *8* (7) 1 *16* *8* (3) 1 (3) 1 *8* (7) 1 *8* 1 (8) *16* (8) 1,310,82.53773266,9,104.5,1,616,348,964,549,5000,1000,5964,6964
113,Levitas,Theoretical Nonexistent Pack,Expert,Single,27,10 Minutes (Play & Win Radio Edit),325,1639,177,2.18,88,0,0,48,0.4972,0.6471,1.83,12.68,15.24,32 (32) 32 (16) 24,320,43.85679713,4,104.5,1,847,131,978,608,5000,1000,5978,6978
114,Aoreo,BangerZ 3,Expert,Single,27,Death Moon (Hard),320,1986,212,2.65,98,0,0,90,0.4623,0.5213,1.09,12.73,13.73,2 (2) 2 (4) 16 (6) 2 (6) 2 (6) 2 (6) 2 (16) 32 (8) 2 (6) 2 (14) 2 (16) 32,320,34.55941923,3,104.5,1,770,87,857,98,5000,1000,5857,6857
115,Zaia,fof,Expert,Single,27,Floor Master Battle (For Master Bat),330,1206,119,1.44,50,0,0,56,0.4202,0.4717,0.89,14.8,15.07,1 (7) 1 (19) 16 (4) 1 (7) 1 (19) 30,330,15.02572397,1,104.5,1,924,0,924,380,5000,1000,5924,6924
116,Zaia,Saitama's Ultimate Weapon,Expert,Single,27,Battle (Medium) (Shin Megami Tensei),335,2083,198,2.36,76,0,0,99,0.3838,0.4343,0.77,14.99,15.48,16 (4) 4 (4) 4 (26) 2 (17) 3 (8) 4 (16) 16 (16) 16 (4) 4 (4) 7,330,20.01139292,2,104.5,1,1000,44,1044,887,5000,1000,6044,7044
117,Zaia,Theoretical Sharpnel Pack,Expert,Single,28,Klassiker Einheit FB 285,285,5097,332,4.65,317,0,0,12,0.9548,0.9635,26.38,18.43,18.38,/48/ (8) /163/,280,298.6909145,18,126.5,1,77,895,972,735,6000,1000,6972,7972
118,UVCat,Stamina Secret Santa 2021,Expert,Single,28,Itachi Theme,288,5542,410,5.69,334,0,0,25,0.8146,0.9051,13.36,16.63,17.8,14 (2) 24 (8) 23 6 (2) 15 7 7 7 7 47 15 96 (8) 23 (3) 23 4 (2) 5 11,280,284.748189,17,126.5,1,124,843,967,712,6000,1000,6967,7967
119,StoryTime,Trails of Cold Stream IV,Expert,Single,28,The Decisive Collision FP 282,282,5619,373,5.29,350,0,0,0,0.9383,1,0,18.04,18.8,350,280,350,20,126.5,1,31,1000,1031,1000,6000,1000,7031,8031
120,StarrySergal,Enjou Stamina Package,Expert,Single,28,Rollercoaster (F-Zero),280,5883,378,5.4,360,0,0,10,0.9524,0.9626,36,18.3,18.29,7 (2) 65 7 (2) 65 7 (2) 65 7 (2) 65 7 (2) 65,280,338.7005271,19,126.5,1,0,948,948,627,6000,1000,6948,7948
121,StoryTime,big waves,Expert,Single,28,When Life Comes,296,3895,287,3.88,236,0,0,28,0.8223,0.8939,8.43,17.41,17.96,136 (28) 100,290,197.230603,14,126.5,1,247,685,932,555,6000,1000,6932,7932
122,Levitas,fof,Expert,Single,28,Flowering Night Fever,290,4161,288,3.97,244,0,0,28,0.8472,0.8841,8.71,18.09,18.16,21 (5) 28 15 16 (8) 15 (10) 23 68 (3) 12 14 (2) 32,290,200.3512476,15,126.5,1,154,737,891,370,6000,1000,6891,7891
123,Levitas,Trails of Cold Stream IV,Expert,Single,28,Don't Be Defeated By A Friend! (Super Arrange),293,4254,329,4.49,248,0,0,51,0.7538,0.8294,5.16,16.15,16.94,/47/ ~1~ /39/ (15) /33/ ~1~ (17) /46/,290,183.8544434,13,126.5,1,200,632,832,104,6000,1000,6832,7832
124,Levitas,Big Waves,Expert,Single,28,Mission Complete,293,5397,381,5.21,327,0,0,50,0.8583,0.8674,6.61,17.4,17.4,/160/ (33) /2/ /56/,290,260.4346835,16,126.5,1,200,790,990,816,6000,1000,6990,7990
125,Levitas,Trails of Bad Waveforms 4,Expert,Single,28,Deadly Temptation FB 308,308,1855,133,1.73,114,0,0,0,0.8571,1,0,18.31,20.53,114,300,114,9,126.5,1,431,422,853,199,6000,1000,6853,7853
126,nico,fof 2 - secret santa,Expert,Single,28,Urn (Part 1),300,3705,285,3.8,216,0,0,32,0.7579,0.8571,6.75,18.38,18.37,59 32 30 32 31 (16) 16 (16) 16,300,168.7734559,12,126.5,1,308,579,887,352,6000,1000,6887,7887
127,StoryTime,big waves,Expert,Single,28,Junkie,300,3695,268,3.57,219,0,0,43,0.8172,0.8327,5.09,17.36,17.51,15 (17) 17 (3) 47 (17) 17 (3) 73 (3) 35 15,300,163.39013,11,126.5,1,308,527,835,118,6000,1000,6835,7835
128,Zaia,Petriform's Factory,Expert,Single,28,Departure 6 FB 304,304,4258,325,4.28,232,0,0,66,0.7138,0.7759,3.52,16.91,17.59,16 (8) 1 14 (2) 14 (8) 1 (2) 14 (2) 30 (18) 32 (24) 78 (2) 32,300,154.5885017,10,126.5,1,370,474,844,158,6000,1000,6844,7844
129,Zaia,Dump Dump Revolution,Expert,Single,28,Frozen Ray ~for EXTREME~,312,1619,138,1.77,96,0,0,0,0.6957,1,0,17.84,20.8,96,310,96,8,126.5,1,493,369,862,239,6000,1000,6862,7862
130,StoryTime,fofmas 2,Expert,Single,28,Fermion,312,1863,133,1.71,111,0,0,16,0.8346,0.8672,6.94,18.77,18.76,31 48 (16) 32,310,88.37182208,7,126.5,1,493,316,809,0,6000,1000,6809,7809
131,Levitas,Theoretical Chiptune Pack,Expert,Single,28,Horizon,320,1588,134,1.67,93,0,0,16,0.694,0.8304,5.81,16.04,18.23,15 15 15 16 (16) 32,320,69.07846736,6,126.5,1,616,264,880,320,6000,1000,6880,7880
132,YourVinished,Trails of Cold Stream IV,Expert,Single,28,Like a Whirlwind,324,1804,145,1.8,100,0,0,33,0.6897,0.7519,3.29,17.09,17.66,/2/ (10) /22/ (8) /42/ (3) 1 /1/ 1,320,63.36597705,5,126.5,1,677,211,888,356,6000,1000,6888,7888
133,tyler.exe,tyler.exe,Expert,Single,28,Connect 1986,336,1636,160,1.9,84,0,0,48,0.525,0.6364,2.72,15.07,16.15,1 *17* (7) 1 (7) 1 (2) *2* (2) *2* 4 *21*,330,40.76125618,3,126.5,1,862,106,968,717,6000,1000,6968,7968
134,Levitas,Theoretical Chiptune Pack,Expert,Single,28,Last Chance (Hard),330,1694,205,2.49,84,0,0,36,0.4098,0.7,2.33,13.05,16.99,/24/ (24) /32/,330,47.47184928,4,126.5,1,770,158,928,537,6000,1000,6928,7928
135,Levitas,Theoretical Chiptune Pack,Expert,Single,28,Oh Delia (Hard),345,970,148,1.72,48,0,0,48,0.3243,0.5,1,10.34,13.13,/16/ (32) /16/,340,15.83409493,1,126.5,1,1000,0,1000,861,6000,1000,7000,8000
136,nv,epicer,Expert,Single,28,Proof of the existence,340,1190,128,1.51,64,0,0,32,0.5,0.6667,2,14.29,16.82,16 (16) 16 (16) 32,340,33.45559069,2,126.5,1,924,53,977,757,6000,1000,6977,7977
137,Zaia,fof,Expert,Single,29,Groovy Rollercoaster Acid Trip,300,3985,261,3.54,240,0,0,14,0.9195,0.9449,17.14,18.98,19.18,120 (14) 120,300,219.1939687,9,141.5,1,0,889,889,547,7000,1000,7889,8889
138,nv,big waves,Expert,Single,29,USAO ULTIMATE HYPER MEGA MIX,300,5304,381,5.08,315,0,0,24,0.8268,0.9292,27.25,18.19,19.08,/35/ 3 /1/ 3 /2/ 1 /1/ 1 /3/ /24/ (8) /144/,300,280.0820494,10,141.5,1,0,1000,1000,889,7000,1000,8000,9000
139,Zaia,fof,Expert,Single,29,God Against God FP 315,315,2368,161,2.04,144,0,0,0,0.8944,1,0,20.58,21,144,310,144,7,141.5,1,300,667,967,788,7000,1000,7967,8967
140,Chief Skittles,Trails of Cold Stream IV,Expert,Single,29,Scarlet Tempest Super Arrange,310,3352,248,3.2,196,0,0,24,0.7903,0.8909,10.1,18.19,18.94,1 *40* (3) 1 *40* (7) 1 *18*,310,162.9230027,8,141.5,1,200,778,978,821,7000,1000,7978,8978
141,Zaia,Dump Dump Revolution,Expert,Single,29,MaxX AttaxX,320,1676,124,1.55,98,0,0,2,0.7903,0.98,49,19.95,21.05,2 (2) 96,320,94.88286653,5,141.5,1,400,445,845,411,7000,1000,7845,8845
142,Zaia,Saitama's Ultimate Weapon,Expert,Single,29,Mad General,324,3401,257,3.17,188,0,0,40,0.7315,0.8246,4.7,18.15,19.1,80 (18) 60 (2) 2 (6) 30 (14) 16,320,138.0852142,6,141.5,1,480,556,1036,1000,7000,1000,8036,9036
143,Levitas,Big Waves,Expert,Single,29,ENDYMION,330,1849,166,2.02,87,0,0,42,0.5241,0.6744,5.14,15.84,18.15,/13/ (2) 1 /7/ 1 /5/ 1 1 /5/ 1 1 /5/ (2) 1 /6/ 2 /5/ 2 (7) /1/ 1 /1/ 1 (3) 1 /10/,330,46.32200522,2,141.5,1,600,112,712,0,7000,1000,7712,8712
144,Zaia,fof,Expert,Single,29,Aerostorm (Hard),333,2199,174,2.09,120,0,0,46,0.6897,0.7229,2.61,17.74,18.1,36 (17) 52 (29) 32,330,71.40134712,4,141.5,1,660,334,994,871,7000,1000,7994,8994
145,Chief Skittles,bigger waves,Expert,Single,29,MAXiMUM 340,340,1803,167,1.96,100,0,0,48,0.5988,0.6757,2.08,16.27,16.79,48 (20) 24 (16) 17 (3) 1 (3) 1 (3) 1 (3) 8,340,53.4079945,3,141.5,1,800,223,1023,960,7000,1000,8023,9023
146,Aoreo,Bangerz 3,Expert,Single,29,Golden Mouth of Ruin,350,1707,182,2.08,66,0,0,82,0.3626,0.4459,0.8,13.99,15.26,2 (33) 29 (25) 4 (24) 31,350,18.12691471,1,141.5,1,1000,0,1000,889,7000,1000,8000,9000
147,Zaia,Saitama's Ultimate Weapon,Expert,Single,30,Aggressor,316,3794,249,3.15,231,0,0,13,0.9277,0.9467,17.77,20.39,20.4,55 (9) 172 (4) 4,310,211.6175993,9,151.5,1,120,889,1009,868,8000,1000,9009,10009
148,Levitas,Big Waves,Expert,Single,30,Judgment Of Will,310,4009,267,3.45,249,0,0,0,0.9326,0.996,0,19.54,20.62,1 248,310,247.4083133,10,151.5,1,0,1000,1000,834,8000,1000,9000,10000
149,Zaia,fof,Expert,Single,30,Runengon,320,3518,239,5.49,211,0,0,17,0.8828,0.9254,12.41,11.19,11.16,8 (17) 203,320,186.3844376,7,151.5,1,200,667,867,344,8000,1000,8867,9867
150,StoryTime,big waves,Expert,Single,30,Better Off This Way,320,3657,264,3.3,222,0,0,16,0.8409,0.9328,13.88,18.97,20.07,176 (16) 46,320,198.6161843,8,151.5,1,200,778,978,753,8000,1000,8978,9978
151,Levitas,big waves,Expert,Single,30,S,332,1896,165,1.99,112,0,0,16,0.6788,0.875,7,18.21,19.84,96 (16) 16,330,90.45465208,4,151.5,1,440,334,774,0,8000,1000,8774,9774
152,Levitas,Theoretical Trails Pack,Expert,Single,30,Overcome the Rocky Path (Hard),330,2043,150,1.82,123,0,0,18,0.82,0.8723,6.83,19.51,19.84,/2/ (2) /8/ (2) /30/ (8) /42/,330,98.84859651,6,151.5,1,400,556,956,672,8000,1000,8956,9956
153,Zaia,Dump Dump Revolution,Expert,Single,30,DYNAMITE RAVE (B4 ZA BEAT MIX),340,1630,128,1.51,92,0,0,0,0.7188,1,0,18.93,20.56,4 *8* *15* *8* *7* *8*,340,92,5,151.5,1,600,445,1045,1000,8000,1000,9045,10045
154,Zaia,Dump Dump Revolution,Expert,Single,30,Under the Sky,340,1632,158,1.86,93,0,0,18,0.5886,0.8304,5.17,15.73,19.66,31 46 (18) 16,340,69.07846736,3,151.5,1,600,223,823,181,8000,1000,8823,9823
155,Levitas,Big Waves,Expert,Single,30,Force Your Way,350,1569,154,1.76,81,0,0,64,0.526,0.5586,1.27,15.25,15.55,33 (64) 48,350,31.90410082,2,151.5,1,800,112,912,510,8000,1000,8912,9912
156,Levitas,Big Waves,Expert,Single,30,squartatrice (Restep),360,1147,135,1.5,56,0,0,32,0.4148,0.6364,1.75,14.34,17.16,24 (32) 32,360,27.17417079,1,151.5,1,1000,0,1000,834,8000,1000,9000,10000
157,Levitas,Big Waves,Expert,Single,31,Blue Crew,320,4865,322,4.03,304,0,0,0,0.9441,1,0,21.34,21.33,304,320,304,6,159.5,1,0,1000,1000,231,9000,1000,10000,11000
158,Levitas,Theoretical Chiptune Pack,Expert,Single,31,Sungazer,332,2557,194,2.34,158,0,0,2,0.8144,0.9875,79,20.1,21.93,38 (2) 120,330,154.8518698,5,159.5,1,231,800,1031,470,9000,1000,10031,11031
159,Levitas,Theoretical DDR Pack,Expert,Single,31,Flower,346,1874,173,2,107,0,0,40,0.6185,0.7279,2.67,16.57,17.68,45 (3) 32 (2) 2 (2) 2 (2) 2 (2) 1 (21) 16 (2) 2 (2) 2 (2) 2 (2) 1,340,64.3722262,4,159.5,1,500,600,1100,1000,9000,1000,10100,11100
160,Levitas,Theoretical Nonexistent Pack,Expert,Single,31,Atmos Break,350,1548,129,1.47,89,0,0,20,0.6899,0.8091,4.45,18.97,19.9,46 (17) 14 (3) 14 15,350,63.41522366,3,159.5,1,577,400,977,54,9000,1000,9977,10977
161,Zaia,Dump Dump Revolution,Expert,Single,31,MAX 360,360,1869,176,1.96,96,0,0,51,0.5455,0.6275,1.88,16.99,17.74,48 (16) 7 (2) 7 (12) 6 4 (21) 17 1 3 1 1 1,360,45.54631037,2,159.5,1,770,200,970,0,9000,1000,9970,10970
162,Levitas,Theoretical DDR Pack,Expert,Single,31,Valkyrie Dimension,372,1249,145,6.45,64,0,0,52,0.4414,0.5517,1.23,3.32,3.68,32 (52) 32,370,24.71182093,1,159.5,1,1000,0,1000,231,9000,1000,10000,11000
163,Levitas,Theoretical Trails Pack,Expert,Single,32,Trails of Cold Stream SC (Part 5) FB 321,321,9984,715,8.92,607,0,0,59,0.849,0.9114,11.33,18.78,19.82,/168/ (8) /72/ (4) /122/ (10) 1 /29/ 1 (14) 1 /14/,320,523.2667388,3,164,1,0,1000,1000,1000,10000,1000,11000,12000
164,Levitas,SRPG6,Expert,Single,32,Skyclad Observer (Orchestral Rock arrange),340,3824,326,3.84,234,0,0,22,0.7178,0.9141,10.64,19.92,20.96,31 (3) 102 (16) 31 (3) 70,340,202.6776181,2,164,1,359,500,859,0,10000,1000,10859,11859
165,Levitas,Theoretical Chiptune Pack,Expert,Single,32,Fighting The Inhuman (The Inhuman),374,1332,112,1.2,72,0,0,26,0.6429,0.7347,2.82,18.93,20.21,/16/ (17) /32/,370,43.9651501,1,164,1,1000,0,1000,1000,10000,1000,11000,12000