ID,Stepartist,Pack,Difficulty,Mode,Rating,Song,BPM,Steps,Measures,Length,16ths,24ths,32nds,Break,% Stream,Adj. % Stream,S/B Ratio,Density,Adj. Density,Breakdown,Tier,16ths Mod,16ths Rank,Diff Rating,Score,DP,EP,DP+EP,DP/EP,RP,AP,Total (no bonuses),Total,
1,StoryTime,The Main Ingredient 2020,Expert,Single,24,For Creatures Such As We FB 246,246,6697,443,7.2,410,0,0,16,0.9255,0.9382,25.62,15.71,15.71,1 159 1 3 3 3 19 3 3 3 132 (16) 16 64,240,370.2171579,17,11,1,150,800,950,143,1000,1000,1950,2950,131
2,Xynn,Xynn's Inferno,Expert,Single,24,The Eighth Circle - Fraud,240,9262,618,10.3,572,0,0,35,0.9256,0.9423,16.34,15.18,15.24,21 (8) 232 (7) 41 (8) 86 (8) 112 (2) 24 (2) 56,240,520.1142283,19,11,1,0,900,900,0,1000,1000,1900,2900,
3,yutsi StarrySergal,itg! Rhythm is just a step away,Expert,Single,24,Because Maybe! pt.3 FB 245,245,10076,735,12,585,0,0,124,0.7959,0.808,4.72,14.03,14.12,7 7 (5) 7 8 (2) 1 1 (18) 24 15 16 (8) 36 (2) 32 (8) 20 (18) 23 7 7 7 (9) 7 15 1 (3) 7 (3) 33 (3) 2 (2) 2 (2) 2 (2) 1 15 23 (3) 2 (2) 2 (2) 2 (2) 1 30 (4) 2 (2) 2 (2) 2 (2) 33 15 16 (4) 30 (2) 62 (10) 14 (2) 30 (2) 16,240,415.9240596,18,11,1,125,850,975,215,1000,1000,1975,2975,
4,SirDelins,Delins Incredibly Cool Content,Expert,Single,24,Satanic Static,240,10292,748,12.47,618,0,0,20,0.8262,0.9251,30.9,14.37,15.39,15 7 23 79 15 15 35 3 3 3 15 47 10 21 (16) 7 7 7 7 7 7 7 15 15 15 55 15 24 (4) 22 16 31 31 15 24,240,545.6201047,20,11,1,0,950,950,143,1000,1000,1950,2950,
5,t3a tyler.exe SirDelins,Delins Incredibly Cool Content 2,Expert,Single,24,Opasnyje Jadjernaja,240,20616,1680,28,1130,0,0,468,0.6726,0.689,2.41,12.45,12.48,7 7 7 8 (40) 8 (8) 15 23 7 56 (16) 16 (16) 7 16 23 (28) 2 (4) 30 (16) 15 16 (8) 6 (18) 17 1 1 1 1 1 1 1 (25) 17 1 1 1 24 (31) 1 (38) 1 24 (24) 24 (16) 31 (9) 6 (2) 63 16 (51) 1 (4) 31 14 (2) 7 8 (16) 54 (2) 7 48 (8) 70 (2) 14 (2) 16 (8) 33 32 (2) 1 3 7 55 1 2 4 2 2 4 10 (35) 33 (2) 6 7 1 10 (2) 15 16 (15) 17 (8) 8 (2) 16 12 20 (8) 40,240,622.6287903,21,11,1,0,1000,1000,286,1000,1000,2000,3000,
6,yutsi,yutsi B-sides,Expert,Single,24,To Make the End of Battle,255,3377,224,3.51,207,0,0,7,0.9241,0.9628,29.57,16.31,16.51,76 85 (7) 46,250,194.8175494,13,11,1,375,600,975,215,1000,1000,1975,2975,
7,Levitas,Trails of Cold Stream IV,Expert,Single,24,Glessing Way FB 250,250,3650,238,3.81,224,0,0,8,0.9412,0.9655,28,16.11,16.25,122 (4) 98 (4) 4,250,211.7637716,15,11,1,250,700,950,143,1000,1000,1950,2950,
8,JWong,69 Bayard,Expert,Single,24,Mr. Simple,256,3755,255,3.98,230,0,0,14,0.902,0.9426,16.43,16.22,16.35,112 (8) 40 (4) 16 (2) 62,250,209.2433829,14,11,1,400,650,1050,429,1000,1000,2050,3050,
9,tyler.exe,tyler.exe,Expert,Single,24,Vampire Edge FB 254,254,4125,286,4.5,253,0,0,21,0.8846,0.9234,12.05,15.82,15.89,33 (8) 16 (2) 30 (2) 16 (2) 126 (7) 32,250,222.7123567,16,11,1,350,750,1100,572,1000,1000,2100,3100,
10,zaniel,Zaniel's Junts 2,Expert,Single,24,Blinded by Fear (At The Gates Cover),260,2437,172,2.65,151,0,0,0,0.8779,0.9869,0,16.92,17.16,81 31 39,260,147.8475001,11,11,1,500,500,1000,286,1000,1000,2000,3000,
11,yutsi,yutsi-type beats,Expert,Single,24,Trojans,266,3457,298,4.48,168,1,0,74,0.5638,0.6942,4.43,13.3,13.88,1 (8) *4* *2* 1 (2) *5* 1 *6* 4 *4* *1* *10* (2) /1/ *14* 1 *7* 1 *6* *6* 8 (5) *8* ~1~ (6) *3* ~1~ *3* *3* *2*,260,93.68814857,9,11,1,650,400,1050,429,1000,1000,2050,3050,
12,JWong,Big Wong,Expert,Single,24,Russian Roulette,260,2986,227,3.49,178,0,0,30,0.7841,0.8558,5.93,14.91,15.33,30 (2) 29 (3) 30 (2) 29 (21) 29 (2) 31,260,138.7444609,10,11,1,500,450,950,143,1000,1000,1950,2950,
13,StoryTime,Pendulum Act IV,Expert,Single,24,Self vs. Self (Hard),261,4080,308,4.71,245,0,0,56,0.7955,0.814,4.56,14.72,14.78,/16/ (14) 1 /49/ (4) /64/ (18) /34/,260,176.2646132,12,11,1,525,550,1075,500,1000,1000,2075,3075,
14,Chief Skittles,bigger waves,Expert,Single,24,Knights Assault,276,1476,137,1.99,78,0,0,38,0.5693,0.6724,2.05,12.67,13.7,32 (14) 20 (10) 8 (14) 18,270,41.33319056,2,11,1,900,50,950,143,1000,1000,1950,2950,
15,tyler.exe,Big Waves,Expert,Single,24,Rainbow Tylenol,270,1605,123,1.82,92,0,0,22,0.748,0.807,4.18,14.92,15.47,2 (8) 32 (8) 32 (6) 26,270,65.28080225,8,11,1,750,350,1100,572,1000,1000,2100,3100,
16,StarrySergal,Big Waves,Expert,Single,24,Rocky Buinne,277,1989,165,2.38,105,0,0,43,0.6364,0.6908,2.44,14.26,14.72,1 (3) 2 7 7 24 (21) 4 (12) 19 8 (7) 33,270,58.09690881,5,11,1,925,200,1125,643,1000,1000,2125,3125,
17,Levitas,Theoretical Sharpnel Pack,Expert,Single,24,Drrrrrrr!,270,1940,189,2.8,107,0,0,42,0.5661,0.7181,2.54,12.54,13.75,/15/ (9) /15/ (17) /23/ (2) /18/,270,62.99116789,7,11,1,750,300,1050,429,1000,1000,2050,3050,
18,JNero,BangerZ 3,Expert,Single,24,Never Ending Story (Hard) (Power Club Vocal Mix),280,1143,123,1.76,64,0,0,32,0.5203,0.6667,2,12.58,13.28,16 (32) 48,280,33.45559069,1,11,1,1000,0,1000,286,1000,1000,2000,3000,
19,Chief Skittles,bigger waves,Expert,Single,24,RFN - III (Cut),280,1170,94,1.34,64,0,0,16,0.6809,0.8,4,14.84,15.98,48 (16) 16,280,44.78411055,3,11,1,1000,100,1100,572,1000,1000,2100,3100,
20,mattm,Stamina Alley,Expert,Single,24,Dogu Ditty,280,1463,113,2.82,82,0,0,16,0.7257,0.82,5.12,8.87,9.26,7 (4) 7 (8) 7 (4) 7 26 28,280,59.69198432,6,11,1,1000,250,1250,1000,1000,1000,2250,3250,
21,JWong,Posty,Expert,Single,24,When I'm Alone,280,2071,211,3.01,113,0,0,62,0.5355,0.642,1.82,12.72,13.48,16 (6) 1 (7) 1 15 (17) 32 (16) 16 (16) 32,280,55.60764313,4,11,1,1000,150,1150,715,1000,1000,2150,3150,
22,Nav YourVinished UVCat Xynn,Big Waves,Expert,Single,25,The End of the Universe (Hard),240,34149,2579,42.98,1976,0,0,526,0.7662,0.774,3.76,13.29,13.34,15 16 (16) 15 48 (8) 15 15 15 15 13 (3) 32 (24) 15 16 (14) 34 (14) 32 (2) 7 7 7 8 (32) 15 15 (73) 7 7 16 (32) 79 15 15 15 31 15 15 76 (32) 83 15 31 48 (32) 15 7 7 7 24 (16) 15 15 8 (8) 15 15 48 (16) 48 (2) 13 7 7 6 (46) 14 (2) 14 (4) 5 7 7 8 (16) 14 (2) 48 (4) 15 35 7 4 (16) 15 15 15 15 80 (16) 32 (8) 30 (2) 144 (24) 47 31 14 (2) 14 (2) 15 15 24 (16) 57 (8) 30 (18) 15 16 (16) 15 47 32,240,1311.51263,21,32,1,0,1000,1000,344,2000,1000,3000,4000,
23,SirDelins,World's End Stamina,Expert,Single,25,Break Of Day,256,6013,394,6.16,360,0,0,2,0.9137,0.9524,180,16.62,16.83,39 63 15 23 38 4 3 7 15 15 24 (2) 7 47 7 7 15 15 16,250,332.9764506,19,32,1,297,900,1197,1000,2000,1000,3197,4197,
24,Zaia,Big Waves,Expert,Single,25,Life Burst (Liquid E.T. Remix) FB 250,250,6176,439,7.02,372,0,0,23,0.8474,0.9323,16.17,15.5,16.06,1 (14) 15 62 (2) 16 (2) 11 (3) 14 16 159 30 (2) 48,250,332.5309206,18,32,1,186,850,1036,464,2000,1000,3036,4036,
25,Janus5k,Stamina Showcase 3,Expert,Single,25,Panic Attack FB 255,255,6556,459,7.2,397,0,0,50,0.8649,0.8881,7.94,15.55,15.56,24 (5) 54 (17) 25 (3) 11 (13) 48 (8) 26 (2) 146 (2) 63,250,328.3443132,17,32,1,278,800,1078,604,2000,1000,3078,4078,
26,Xynn,Xynn's Inferno,Expert,Single,25,The Ninth Circle - Treachery,250,9631,641,10.26,587,0,0,34,0.9158,0.9422,17.26,15.77,15.95,53 (2) 1 (2) 50 (4) 7 63 88 (8) 161 (16) 96 (2) 68,250,533.6629604,20,32,1,186,950,1136,797,2000,1000,3136,4136,
27,Levitas,Trails of Cold Stream IV,Expert,Single,25,Belief,268,2381,163,2.43,147,0,0,11,0.9018,0.9304,13.36,16.51,16.79,1 (4) 138 (3) 1 (4) 7,260,130.9751358,11,32,1,519,500,1019,407,2000,1000,3019,4019,
28,Chief Skittles,Trails of Cold Stream IV,Expert,Single,25,Great Plains - Pan-Gaia,265,2711,192,2.9,164,0,0,0,0.8542,1,0,16.63,17.67,164,260,164,14,32,1,463,650,1113,720,2000,1000,3113,4113,
29,Archi,Pendulum Act IV,Expert,Single,25,Slam (Hard),261,4531,339,5.2,270,0,0,8,0.7965,0.9712,91.5,15.28,17.15,/1/ 1 /63/ 1 (2) /45/ 1 /71/,260,257.6663124,16,32,1,389,750,1139,807,2000,1000,3139,4139,
30,StoryTime,Arc Stream Works,Expert,Single,25,Condemnation Wings II (Restep) 2022 Rebuild,264,4869,372,5.64,280,0,0,70,0.7527,0.7955,4,14.88,15.07,19 56 (2) 51 (33) 24 36 (15) 34 (20) 60,260,194.1700872,15,32,1,445,700,1145,827,2000,1000,3145,4145,
31,StarrySergal,Stamina Alley,Expert,Single,25,Heel and Toe FP 273,273,1970,132,1.9,122,0,0,0,0.9242,1,0,18.22,18.2,/81/,270,122,10,32,1,612,450,1062,550,2000,1000,3062,4062,
32,mattm,Stamina Alley,Expert,Single,25,Not In Love (feat. Robert Smith),272,2686,242,3.56,160,0,0,48,0.6612,0.7692,3.33,13.53,14.47,48 (16) 64 (32) 48,270,105.1435954,8,32,1,593,350,943,154,2000,1000,2943,3943,
33,tyler.exe,tyler.exe,Expert,Single,25,Sweetness,270,3132,240,3.55,189,0,0,36,0.7875,0.8326,5.25,15.61,15.54,4 (4) 4 (4) 4 (4) 20 (4) 4 (4) 4 (4) 4 (4) 19 48 (8) 31 47,270,140.9808273,12,32,1,556,550,1106,697,2000,1000,3106,4106,
34,ITGAlex,Noah,Expert,Single,25,The end,270,4327,332,4.92,244,0,0,69,0.7349,0.7771,3.54,15.26,15.4,1 (2) 46 (9) 32 (5) 1 (18) 28 (9) 48 (8) 9 30 (16) 48 (2) 1,270,162.986968,13,32,1,556,600,1156,864,2000,1000,3156,4156,
35,ITGAlex,ITGAlex's Footspeed Fiesta,Expert,Single,25,Quantum Sea Lindwurm,280,1687,126,1.8,97,0,0,15,0.7698,0.8584,6.47,16.97,17.13,13 (9) 5 (4) 34 (2) 34 11,280,75.9757977,7,32,1,741,300,1041,480,2000,1000,3041,4041,
36,JNero,Stamina Secret Santa 2023,Expert,Single,25,yumeHolic desu ga?,283,2046,197,2.79,102,0,0,77,0.5178,0.5604,1.32,12.42,12.76,1 1 1 (19) 6 (11) 21 (19) 16 (9) 22 (6) 1 1 (3) 10 (10) 22,280,40.38286939,3,32,1,797,100,897,0,2000,1000,2897,3897,
37,doughbun,Im Bunny !!!,Expert,Single,25,Omori Friends Boss Theme,288,2208,208,2.89,115,0,0,59,0.5529,0.6571,1.95,12.86,14.05,16 (16) 16 (16) 16 (7) 36 (20) 15 16,280,58.73651673,5,32,1,889,200,1089,640,2000,1000,3089,4089,
38,tyler.exe,Stamina Alley,Expert,Single,25,Dienos Advento,280,3004,240,3.43,171,0,0,55,0.7125,0.7467,3.11,14.79,14.98,1 32 (2) 2 (9) 7 7 7 (9) 32 (2) 14 (17) 1 (10) 34 (2) 2 (2) 30 (2) 2,280,107.1593209,9,32,1,741,400,1141,814,2000,1000,3141,4141,
39,tyler.exe,Stamina Alley,Expert,Single,25,OVERBLAST!!,294,1038,88,1.2,60,0,0,16,0.6818,0.7895,3.75,15.14,15.8,*3* *4* (4) *3* *16* (4) *4*,290,41.10689421,4,32,1,1000,150,1150,844,2000,1000,3150,4150,
40,Levitas,Big Waves,Expert,Single,25,Blue Planet,294,1185,136,1.85,62,0,0,48,0.4559,0.5636,1.33,12.31,12.43,*16* (24) 1 *8* *7*,290,24.77109841,1,32,1,1000,0,1000,344,2000,1000,3000,4000,
41,JNero,I wanted to put the scissors emoji but stepmania is shit so it doesn't work,Expert,Single,25,Jam & Marmalade,290,1240,86,1.19,75,0,0,2,0.8721,0.9494,37.5,18.05,18.61,23 15 22 (2) 15,290,69.02080611,6,32,1,926,250,1176,930,2000,1000,3176,4176,
42,Gpop YUZU,Vocaloid is Hard,Expert,Single,25,Rolling Girl,293,1649,146,1.99,81,0,0,51,0.5548,0.6136,1.84,14.1,14.7,/16/ (16) /8/ (15) 1 /15/ 1 /15/ 1,290,37.07674332,2,32,1,982,50,1032,450,2000,1000,3032,4032,
43,Archi,Stream Fantasy,Expert,Single,26,Battle Medley (Hard) (FFRK Ver.arrange),252,15759,1136,19.79,942,0,0,137,0.8292,0.873,7.12,13.47,13.55,/13/ 1 /11/ /1/ 1 /15/ /1/ 1 /45/ (2) /32/ (3) /39/ (2) /24/ (2) /2/ (2) /5/ 1 (2) /123/ 1 (2) /1/ 1 (2) /1/ 1 (2) /1/ 1 (2) /23/ 1 (2) 1 /49/ (2) 1 /3/ (2) 1 /7/ (9) /45/ (9) /23/ (10) 1 /5/ (2) 1 /11/ (6) 1 /15/ (2) 1 /1/ (6) 1 /35/ (10) 1 /1/ (7) /15/ 1 (3) /81/ 1,250,758.0078316,21,53,1,0,1000,1000,369,3000,1000,4000,5000,
44,tyler.exe,tyler.exe,Expert,Single,26,The reviving nightmare REMIX (true) FB 266,266,4326,277,4.17,267,0,0,0,0.9639,0.9709,0,17.5,17.44,83 3 3 99 35 3 3 19 19,260,254.6774326,17,53,1,270,800,1070,546,3000,1000,4070,5070,
45,SirDelins,SirDelins Spicy Selections,Expert,Single,26,Pulse of Sympathy FB 266,266,4323,275,4.14,270,0,0,0,0.9818,0.9926,0,17.62,17.61,110 127 33,260,266.8103039,18,53,1,270,850,1120,672,3000,1000,4120,5120,
46,Levitas,fof 2 - secret santa,Expert,Single,26,Return to Oblivion (Hard),260,7693,520,8,477,0,0,23,0.9173,0.9502,20.74,16.6,16.6,31 64 (2) 95 (17) 48 (2) 95 64 (2) 80,260,439.5643077,19,53,1,154,900,1054,506,3000,1000,4054,5054,
47,nv,Pendulum Act IV,Expert,Single,26,Toxic Shock (Hard),261,7737,521,7.98,480,0,0,23,0.9213,0.9542,22.93,16.74,16.74,/56/ (8) /62/ (2) /94/ (2) /9/ 1 /52/ (2) /47/,260,445.311896,20,53,1,174,950,1124,682,3000,1000,4124,5124,
48,Levitas,The Sound of Speed,Expert,Single,26,Chaos Angel Zone (Act 3),273,3167,221,3.23,189,0,0,24,0.8553,0.84,7.88,16.68,16.82,/31/ (8) /63/ (8) /32/,270,142.9909863,10,53,1,404,450,854,0,3000,1000,3854,4854,
49,tyler.exe,tyler.exe,Expert,Single,26,DAWN -THE NEXT ENDEAVOUR-,275,4417,345,5.03,255,0,0,57,0.7391,0.8173,5.5,15.04,15.89,/16/ (14) 2 /23/ 1 /28/ (4) /31/ 1 /28/ (4) /16/ (8) /12/ (2) 2 /16/,270,184.6505386,14,53,1,443,650,1093,604,3000,1000,4093,5093,
50,ITGAlex,Noah,Expert,Single,26,World's end -Millefolium-,270,4588,374,5.54,279,0,0,37,0.746,0.8801,7.54,16.28,16.28,8 (5) 1 (6) 3 3 (2) 1 (7) 190 (15) 72 (2) 1,270,227.4340248,16,53,1,347,750,1097,614,3000,1000,4097,5097,
51,StoryTime,bigger waves,Expert,Single,26,Marionette Bigger Waves Rebuild,272,4730,375,5.51,281,0,0,51,0.7493,0.8464,5.51,14.41,15.74,16 (12) 16 (2) 67 (5) 38 (4) 70 (24) 6 (2) 16 (2) 52,270,215.1926171,15,53,1,385,700,1085,584,3000,1000,4085,5085,
52,tyler.exe,Big Waves,Expert,Single,26,Tower Of Glory,280,2564,163,2.33,160,0,0,0,0.9816,1,0,18.7,18.67,160,280,160,12,53,1,539,550,1089,594,3000,1000,4089,5089,
53,tyler.exe,tyler.exe,Expert,Single,26,Kyouran Hey Kids!! (Restep),284,3526,292,4.11,198,0,0,82,0.6781,0.7071,2.41,14.44,14.76,16 (16) 14 (2) 28 (4) 14 (2) 14 (2) 28 (16) 28 (36) 40 (4) 16,280,113.7193922,9,53,1,616,400,1016,410,3000,1000,4016,5016,
54,StarrySergal Tuuc,Enejej Stamina Package,Expert,Single,26,EternuS,280,3473,264,3.77,208,0,0,34,0.7879,0.8595,6.12,15.7,16.54,64 (34) 144,280,163.2513362,13,53,1,539,600,1139,720,3000,1000,4139,5139,
55,Zaia,Big Waves,Expert,Single,26,STRONG 280,280,4054,298,4.26,222,0,0,57,0.745,0.7929,3.89,16.42,16.63,16 (8) 46 (2) 48 (6) 1 (9) 31 32 (32) 48,280,153.1448663,11,53,1,539,500,1039,468,3000,1000,4039,5039,
56,tyler.exe,Big Waves,Expert,Single,26,Disconnected -Trance Mix- (Restep),296,1363,114,1.54,72,0,0,8,0.6316,0.9,9,16.16,18.75,24 (8) 48,290,60.83037749,4,53,1,847,150,997,362,3000,1000,3997,4997,
57,JNero,I wanted to put the scissors emoji but stepmania is shit so it doesn't work,Expert,Single,26,Unico,298,1414,131,1.76,80,0,0,32,0.6107,0.7143,2.5,14.63,15.28,64 (32) 16,290,46.69808025,2,53,1,885,50,935,205,3000,1000,3935,4935,
58,Levitas,Theoretical Chiptune Pack,Expert,Single,26,Royally Screwed,291,1615,138,1.9,96,0,0,15,0.6957,0.8649,6.4,15.92,17.27,/32/ (2) /16/ (8) /16/,290,76.1056095,7,53,1,750,300,1050,495,3000,1000,4050,5050,
59,YourVinished,Trails of Cold Stream IV,Expert,Single,26,The Door to Adventure,290,1665,146,2.01,99,0,0,6,0.6781,0.9428,16.5,15.39,18.6,/6/ (2) /30/ (2) /30/,290,90.09620803,8,53,1,731,350,1081,574,3000,1000,4081,5081,
60,StoryTime,Big Waves,Expert,Single,26,Icefield White Knight,300,1405,114,1.52,80,0,0,16,0.7018,0.8333,5,16.26,17.63,16 (8) 16 (8) 48,300,59.75471755,3,53,1,924,100,1024,430,3000,1000,4024,5024,
61,Zaia,Trails of Cold Stream IV,Expert,Single,26,Burning Throb,300,1566,123,1.63,85,0,0,44,0.6911,0.6589,0.14,16.48,16.78,1 ~3~ (7) 1 ~24~ (8) ~38~ (6) ~3~ 1,300,43.60438221,1,53,1,924,0,924,177,3000,1000,3924,4924,
62,sorae,god peed,Expert,Single,26,Blend W,304,1529,117,1.54,90,0,0,13,0.7692,0.8738,6.92,17.45,18.41,15 (9) 6 (2) 18 (2) 51,300,72.52734407,6,53,1,1000,250,1250,1000,3000,1000,4250,5250,
63,mattm,Stamina Alley 2,Expert,Single,26,Conundrum,300,2259,202,2.69,121,0,0,60,0.599,0.6648,2.02,14.78,15.27,14 (22) 14 (2) 7 6 (2) 14 (22) 14 (2) 6 (2) 6 (2) 14 (2) 12 (4) 14,300,62.96380824,5,53,1,924,200,1124,682,3000,1000,4124,5124,
64,JWong (edit by glory limited.),kpoop,Expert,Single,27,Chinatown K-Pop Medley (Hard),260,18292,1291,19.86,1103,0,0,167,0.8544,0.8678,6.6,15.47,15.56,30 (18) 64 (16) 14 (2) 30 (18) 14 (2) 30 (10) 112 (2) 16 (2) 62 (18) 31 (5) 29 (3) 32 (4) 16 (2) 14 (2) 44 (20) 30 (2) 29 (3) 30 (2) 29 (2) 30 (3) 30 (2) 61 (3) 39 46 (2) 31 (3) 46 (2) 31 (3) 48 (2) 31 (3) 8 (9) 15 (2) 31,260,879.1175412,21,74,1,0,1000,1000,351,4000,1000,5000,6000,
65,mattm,Stamina Alley,Expert,Single,27,Disclude,274,5196,382,5.58,320,0,0,32,0.8377,0.9091,10,16.39,16.81,*80* (16) *80*,270,274.7442618,17,74,1,242,800,1042,482,4000,1000,5042,6042,
66,mattm,Stamina Alley 2,Expert,Single,27,I am... (Ramon Zenker Dub mix) FP 270,270,8026,541,8.01,488,0,0,32,0.902,0.9385,15.25,16.81,17.18,30 (2) 30 (2) 14 (2) 28 (4) 52 (2) 68 (8) 30 (2) 120 (2) 68 (8) 48,270,440.8741802,18,74,1,173,850,1023,423,4000,1000,5023,6023,
67,YUZU,hard,Expert,Single,27,boku no friend,270,8547,552,8.18,528,0,0,15,0.9566,0.9592,35.2,17.56,17.56,/47/ /48/ (2) /62/ (8) /70/ /93/ /32/,270,493.9563749,20,74,1,173,950,1123,733,4000,1000,5123,6123,
68,Chief Skittles,Skittles Stream Collection,Expert,Single,27,The Star of Collapse Cmod This,270,9480,693,10.29,573,0,0,93,0.8268,0.8604,6.08,15.96,15.94,/144/ (24) /106/ 1 (13) /11/ (12) 112 (3) 1 (3) 1 (3) 1 (3) 1 (3) 1 (3) 1 (3) 1 (3) 63,270,450.4797411,19,74,1,173,900,1073,578,4000,1000,5073,6073,
69,tyler.exe,Big Waves,Expert,Single,27,"Requiem DEATH AT 20,000 VOLTS",280,3003,232,3.31,180,0,0,0,0.7759,1,0,15.85,18.67,180,280,180,12,74,1,345,550,895,25,4000,1000,4895,5895,
70,mattm,Stamina Alley 3,Expert,Single,27,Digital Onslaught,284,3779,266,3.75,232,0,0,16,0.8722,0.9355,14.5,17.47,17.95,144 (16) 88,280,208.5249625,14,74,1,414,650,1064,550,4000,1000,5064,6064,
71,ITGAlex,Noah,Expert,Single,27,Rebirth the end (Part II - Starcluster) (Part 1),280,3843,271,3.87,234,0,0,0,0.8635,0.9957,0,16.79,18.65,1 233,280,232.392158,16,74,1,345,750,1095,646,4000,1000,5095,6095,
72,Zaia,Saitama's Ultimate Weapon,Expert,Single,27,Fierce Fight,280,4299,308,4.4,256,0,0,27,0.8312,0.8982,9.48,16.5,17.1,63 64 (12) 1 (3) 63 64 (12) 1,280,215.5940875,15,74,1,345,700,1045,491,4000,1000,5045,6045,
73,Levitas,Theoretical Helblinde Pack,Expert,Single,27,Beyond Life (Cut) FB 294,294,1510,101,1.37,94,0,0,2,0.9307,0.9792,47,19.27,19.26,62 (2) 32,290,90.89125525,7,74,1,587,300,887,0,4000,1000,4887,5887,
74,tyler.exe,Linkin Pack,Expert,Single,27,Figure.09,294,2873,245,3.33,168,0,0,48,0.6858,0.7,3.5,15.54,16.11,/8/ (8) /8/ (4) /20/ (8) /8/ (4) /18/ (8) /50/,290,94.94369855,8,74,1,587,350,937,156,4000,1000,4937,5937,
75,mattm,Stamina Alley,Expert,Single,27,ever snow,290,3561,265,3.66,215,0,0,34,0.8113,0.8532,6.32,16.49,16.98,8 (2) 46 (8) 1 24 (2) 46 (8) 1 24 (8) 24 (6) 1 40,290,166.7707242,11,74,1,518,500,1018,407,4000,1000,5018,6018,
76,StoryTime,Big Waves,Expert,Single,27,Good Luck My Way,292,4286,317,4.34,262,0,0,48,0.8265,0.8452,5.46,16.66,16.76,12 (2) 38 (12) 36 (2) 36 (12) 36 (2) 42 (16) 46 (2) 16,290,200.1872772,13,74,1,552,600,1152,823,4000,1000,5152,6152,
77,Levitas,fofmas 2,Expert,Single,27,Solstice Title Screen,300,2108,154,5.5,120,0,0,24,0.7792,0.8163,5,6.47,6.56,16 (4) 49 1 1 1 (14) 49 (2) 1 (2) 1 (2) 1,300,86.72432343,6,74,1,690,250,940,165,4000,1000,4940,5940,
78,Levitas,Theoretical Godspeed Pack,Expert,Single,27,Great Devil of the Sixth Heaven,300,2197,160,2.13,134,0,0,5,0.8375,0.964,26.8,18.07,19.53,7 (2) 47 (3) 80,300,126.365364,9,74,1,690,400,1090,631,4000,1000,5090,6090,
79,Zaia,Saitama's Ultimate Weapon,Expert,Single,27,Satomi Tadashi Pharmacy FB 307,307,2968,249,3.24,149,0,0,72,0.5984,0.6742,2.07,16.36,16.71,1 (7) 1 (4) 15 (9) 40 (3) 1 (7) 1 (12) 16 (17) 2 (5) 2 (4) 6 (2) 48 (2) 16,300,79.29544953,4,74,1,811,150,961,230,4000,1000,4961,5961,
80,Levitas,fofmas 3,Expert,Single,27,I Was Made for Rock 'N Roll,304,3512,293,3.86,208,0,0,61,0.7099,0.7704,3.41,15.66,16.39,18 (2) 13 (3) 18 (2) 2 (2) 2 (2) 22 (4) 20 (18) 18 (2) 30 (6) 30 (16) 1 14 (4) 20,300,137.0280172,10,74,1,759,450,1209,1000,4000,1000,5209,6209,
81,Chief Skittles,charts tev made for Kieran in less than an hour,Expert,Single,27,Allegro Con Fuoco FB 315,315,1403,146,1.85,78,0,0,22,0.5342,0.78,3.55,13.95,17.12,14 (2) 32 (20) 32,310,52.4138386,3,74,1,949,100,1049,504,4000,1000,5049,6049,
82,Zaia,fofmas 2,Expert,Single,27,Roar,311,2259,207,2.67,98,0,0,63,0.4734,0.6086,1.93,14.76,15.45,1 (9) 1 /6/ (2) /6/ /7/ (2) /10/ 2 /2/ 2 /3/ 1 (27) 1 /14/ 2 /7/ ~1~ /6/ 1 /2/ 1 /2/,310,44.27485959,2,74,1,880,50,930,134,4000,1000,4930,5930,
83,sorae,god peed,Expert,Single,27,SUPERNOVA,318,2011,188,2.36,107,0,0,54,0.5692,0.568,2.15,15.18,15.47,/3/ /3/ /3/ 1 /11/ /7/ /7/ /12/ (34) /3/ /3/ 1 /19/,310,43.28536807,1,74,1,1000,0,1000,351,4000,1000,5000,6000,
84,JWong,fofmas 3,Expert,Single,27,Strange Injection,310,1954,154,1.99,112,0,0,24,0.7273,0.8235,4.67,17.53,18.24,64 (24) 48,310,82.08802149,5,74,1,863,200,1063,547,4000,1000,5063,6063,
85,StoryTime,Big Waves,Expert,Single,28,Arc Stream Works - Full Meter,270,24780,1802,26.7,1472,0,0,296,0.8169,0.8298,4.97,15.59,15.67,19 56 (2) 51 (33) 24 36 46 (2) 14 (2) 8 (4) 26 (2) 14 (2) 30 (2) 14 (2) 32 (2) 8 (4) 4 (4) 21 61 14 (6) 28 (2) 3 40 (4) 32 (16) 36 (12) 20 (16) 36 (16) 23 (13) 22 (2) 89 (16) 15 (3) 38 (2) 31 (5) 38 (2) 31 (5) 27 (17) 14 (10) 39 (25) 15 (3) 67 (5) 37 (5) 85 (5) 43 (7) 27 (5) 27 (5) 51 (9) 51 (19) 29,270,1092.107272,17,93,1,0,1000,1000,119,5000,1000,6000,7000,
86,Zaia,Theoretical Sharpnel Pack,Expert,Single,28,Klassiker Einheit FB 285,285,5097,332,4.65,317,0,0,12,0.9548,0.9635,26.38,18.43,18.38,/48/ (8) /163/,280,298.6909145,14,93,1,327,813,1140,605,5000,1000,6140,7140,
87,UVCat,Stamina Secret Santa 2021,Expert,Single,28,Itachi Theme,288,5542,410,5.69,334,0,0,25,0.8146,0.9051,13.36,16.63,17.8,14 (2) 24 (8) 23 6 (2) 15 7 7 7 7 47 15 96 (8) 23 (3) 23 4 (2) 5 11,280,284.748189,13,93,1,392,750,1142,612,5000,1000,6142,7142,
88,tyler.exe,tyler.ini,Expert,Single,28,FRAGMENT,284,5377,342,4.82,336,0,0,0,0.9825,1,0,18.94,18.93,336,280,336,15,93,1,305,875,1180,744,5000,1000,6180,7180,
89,mattm,Stamina Alley 2,Expert,Single,28,dreamenddischarger (Hard),280,9468,658,9.4,577,0,0,48,0.8769,0.9173,12.02,17.56,17.56,30 (2) 96 (18) 14 (2) 48 38 (2) 30 (2) 143 (19) 13 (3) 47 39 31 48,280,502.5670863,16,93,1,218,938,1156,660,5000,1000,6156,7156,
90,tyler.exe,tyler.ini,Expert,Single,28,Fortress Of Strangers (Tartaros Online),290,3131,213,2.94,192,0,0,0,0.9014,1,0,18.19,19.33,192,290,192,10,93,1,435,563,998,112,5000,1000,5998,6998,
91,Levitas,Theoretical Chiptune Pack,Expert,Single,28,Tinsel Time FB 295,295,3834,304,4.12,232,0,0,40,0.7632,0.8529,5.8,15.6,17.18,48 (8) 8 (4) 4 (4) 28 (8) 24 (4) 4 (4) 108 (8) 8,290,179.8560155,9,93,1,544,500,1044,271,5000,1000,6044,7044,
92,StoryTime,Big Waves,Expert,Single,28,When Life Comes,296,3895,287,3.88,236,0,0,28,0.8223,0.8939,8.43,17.41,17.96,136 (28) 100,290,197.230603,11,93,1,566,625,1191,782,5000,1000,6191,7191,
93,StoryTime,Big Waves,Expert,Single,28,Night Walker,296,4626,345,4.66,280,0,0,36,0.8116,0.8642,7.78,17.03,17.29,19 15 51 15 16 (16) 16 (4) 35 15 51 15 16 (16) 16,290,221.6873186,12,93,1,566,688,1254,1000,5000,1000,6254,7254,
94,StoryTime,Big Waves,Expert,Single,28,Junkie,300,3695,268,3.57,219,0,0,43,0.8172,0.8327,5.09,17.36,17.51,15 (17) 17 (3) 47 (17) 17 (3) 73 (3) 35 15,300,163.39013,6,93,1,653,313,966,0,5000,1000,5966,6966,
95,Zaia,fof,Expert,Single,28,Lady Maria of the Astral Clocktower,307,3906,294,3.83,230,0,0,41,0.7823,0.8487,5.61,17.76,18.13,72 (23) 46 (2) 48 (16) 64,300,176.9027399,7,93,1,805,375,1180,744,5000,1000,6180,7180,
96,Levitas,Trails of Bad Waveforms,Expert,Single,28,Phantasmal Blaze,300,3761,279,3.72,230,0,0,41,0.8244,0.8487,5.67,17.13,17.37,/1/ (3) /1/ (6) /42/ (16) /34/ (2) /75/,300,176.9027399,7,93,1,653,375,1028,216,5000,1000,6028,7028,
97,Zaia,Petriform's Factory,Expert,Single,28,Departure 6 FB 304,304,4258,325,4.28,232,0,0,66,0.7138,0.7759,3.52,16.91,17.59,16 (8) 1 14 (2) 14 (8) 1 (2) 14 (2) 30 (18) 32 (24) 78 (2) 32,300,154.5885017,5,93,1,740,250,990,84,5000,1000,5990,6990,
98,Zaia,Dump Dump Revolution,Expert,Single,28,B4U,310,1819,127,1.64,111,0,0,0,0.874,0.9911,0,19.28,20.61,95 16,310,109.4235853,3,93,1,870,125,995,101,5000,1000,5995,6995,
99,YourVinished,Mr.T Good,Expert,Single,28,EXE FP 310,310,1800,129,1.66,111,0,0,0,0.8605,0.9911,0,20.58,20.57,96 15,310,109.4235853,3,93,1,870,125,995,101,5000,1000,5995,6995,
100,tyler.exe,tyler.ini,Expert,Single,28,Euphorium,316,1881,152,1.92,112,0,0,18,0.7368,0.8615,6.22,17.95,18.55,80 (18) 32,310,88.23207107,1,93,1,1000,0,1000,119,5000,1000,6000,7000,
101,tyler.exe,Linkin Pack,Expert,Single,28,Easier to Run,315,2894,270,3.43,173,0,0,54,0.6408,0.6805,3.19,15.83,16.57,/16/ (20) /32/ (16) /31/ /36/,310,93.44823658,2,93,1,979,63,1042,264,5000,1000,6042,7042,
102,mattm,Stamina Alley 2,Expert,Single,29,Ayu Trance 2 (Side A),280,26136,1896,27.09,1602,0,0,267,0.8449,0.8567,6,16.17,16.25,96 (35) 33 (13) 203 (55) 161 (16) 98 (34) 162 (2) 64 (64) 47 128 (2) 156 (4) 24 (8) 144 (16) 30 (2) 64 (16) 192,280,1250.801919,17,110,1,0,1000,1000,221,6000,1000,7000,8000,
103,Zaia,Theoretical Unreleased Pack,Expert,Single,29,Atmosphere FB 298,298,4008,272,3.65,248,0,0,2,0.9118,0.992,124,18.64,19.71,96 (2) 152,290,244.8332267,11,110,1,410,625,1035,306,6000,1000,7035,8035,
104,Levitas,Big Waves,Expert,Single,29,eScape (Restep) FB 294,294,5226,337,4.59,324,0,0,10,0.9614,0.9701,32.4,19.17,19.16,79 (2) 47 (2) 32 (2) 47 (2) 47 (2) 72,290,308.6394366,14,110,1,319,813,1132,543,6000,1000,7132,8132,
105,mattm,Stamina Alley 2,Expert,Single,29,Neo Fury Medley (Side B),290,8847,615,8.48,546,0,0,32,0.8878,0.9446,17.06,17.52,18.3,128 (32) 418,290,498.4129854,15,110,1,228,875,1103,472,6000,1000,7103,8103,
106,mattm,Stamina Alley 3,Expert,Single,29,Fighting For Freedom x Fire Fire,292,9551,642,8.79,584,0,0,24,0.9097,0.9605,24.33,18.62,19.01,14 (2) 14 (2) 70 (2) 6 (2) 62 (2) 30 (2) 30 (2) 30 (2) 30 (2) 30 (2) 78 (2) 94 (2) 96,290,547.5309052,16,110,1,273,938,1211,736,6000,1000,7211,8211,
107,JNero,BangerZ 3,Expert,Single,29,Clubbed to Death,306,3861,254,3.31,240,0,0,0,0.9449,1,0,20.01,20.4,/160/,300,240,8,110,1,591,438,1029,291,6000,1000,7029,8029,
108,StoryTime,Arc Stream Works,Expert,Single,29,Imperial Code II FB 304,304,4343,307,4.04,262,0,0,11,0.8534,0.9562,23.82,18.58,19.61,12 (4) 44 (2) 31 60 (2) 31 (3) 84,300,243.8817341,10,110,1,546,563,1109,487,6000,1000,7109,8109,
109,Xynn,Xynn's Gorilla Tapes,Expert,Single,29,Offer Your Light,300,4265,285,3.8,263,0,0,6,0.9228,0.9776,44.25,19.42,19.45,1 /116/ (4) /59/ 1,300,253.6376129,12,110,1,455,688,1143,570,6000,1000,7143,8143,
110,YourVinished,idk we can come up with something funny,Expert,Single,29,Wailing Siren FP 300,300,5415,397,5.29,333,0,0,49,0.8388,0.8717,6.8,17.49,17.69,158 (2) 16 (16) 61 (3) 16 (16) 14 (10) 54 (2) 14,300,267.3200336,13,110,1,455,750,1205,722,6000,1000,7205,8205,
111,StoryTime,Theoretical Sharpnel Pack,Expert,Single,29,We Luv Lama,315,3681,261,3.31,222,0,0,24,0.8506,0.9024,9.25,18.84,19.3,/80/ (16) /68/,310,188.361228,5,110,1,796,250,1046,333,6000,1000,7046,8046,
112,tyler.exe,Big Waves,Expert,Single,29,Unexpected Emergency (Evolution) (Restep),315,3811,264,3.35,234,0,0,17,0.8863,0.9323,14.27,19.5,19.72,/78/ (11) 1 /78/,310,209.1726758,7,110,1,796,375,1171,639,6000,1000,7171,8171,
113,mattm,Stamina Alley 2,Expert,Single,29,Raintain,311,4046,299,3.85,243,0,0,29,0.8127,0.8934,10.38,18.56,18.65,/6/ 1 /31/ /6/ (2) /31/ (6) /6/ 2 /15/ /8/ (2) /5/ /48/ (6) /6/ 1,310,202.8989458,6,110,1,705,313,1018,265,6000,1000,7018,8018,
114,mattm,Stamina Alley 3,Expert,Single,29,Contact With You (Synthwave Arrangement),316,4614,362,4.58,287,0,0,32,0.7928,0.8969,8.97,18.87,18.98,31 32 (8) 72 (8) 40 (16) 112,310,241.1417094,9,110,1,819,500,1319,1000,6000,1000,7319,8319,
115,JWong,shit,Expert,Single,29,Xeon,320,3111,250,3.13,177,0,0,35,0.708,0.8194,5.06,17.5,18.6,14 (2) 14 (3) 7 7 7 37 (28) 32 45 (2) 14,320,128.6965195,1,110,1,910,0,910,0,6000,1000,6910,7910,
116,Zaia,Saitama's Starter Weapon,Expert,Single,29,Mad General,324,3401,257,3.17,188,0,0,40,0.7315,0.8246,4.7,18.15,19.1,80 (18) 60 (2) 2 (6) 30 (14) 16,320,138.0852142,3,110,1,1000,125,1125,526,6000,1000,7125,8125,
117,Xynn,Xynn's Gorilla Tapes,Expert,Single,29,Battle Train -HOT SOTA MIX-,320,3375,285,3.56,192,0,0,48,0.6737,0.8,4,16.61,17.96,112 (32) 32 (16) 48,320,134.3523316,2,110,1,910,63,973,155,6000,1000,6973,7973,
118,UVCat,Ultra Violence,Expert,Single,29,Playing With Fire,320,3349,247,3.09,204,0,0,18,0.8259,0.8831,11.33,18.68,19.24,7 15 31 15 15 (9) 23 15 15 15 (9) 7 15 31,320,167.2037383,4,110,1,910,188,1098,460,6000,1000,7098,8098,
119,mattm,Stamina Alley 2,Expert,Single,30,Ayu Trance 2 (Side B) FB 290,290,26479,1868,25.77,1626,0,0,220,0.8704,0.8799,7.39,17.17,17.29,30 (2) 30 (2) 14 (2) 28 (4) 52 (2) 68 (8) 30 (2) 120 (2) 68 (8) 96 (26) 8 (2) 32 (42) 8 (2) 32 (2) 66 (2) 48 1 (16) 16 (8) 142 (2) 14 (2) 160 (24) 118 (2) 141 (5) 31 47 (53) 226,290,1324.993811,13,125,1,0,1000,1000,295,7000,1000,8000,9000,
120,YUZU,Theoretical Touhou,Expert,Single,30,Mystic Oriental Dream (LV.4 Psychedelic spiral 2015 Remix) FB 305,305,6498,476,6.24,400,0,0,40,0.8403,0.9091,10,18.11,18.66,32 (8) 128 (16) 64 (16) 176,300,343.4303273,9,125,1,442,667,1109,570,7000,1000,8109,9109,
121,Zaia,Stamina Secret Santa 2020,Expert,Single,30,Exercises in Futility VI (Kopophobia RMX Feat. SpaceChimp) FB 308,308,7287,494,6.42,437,0,0,18,0.8846,0.9418,24.28,19.32,19.88,59 39 19 19 68 (4) 32 (4) 19 19 19 28 (4) 28 (4) 30 (2) 31 15 12,300,397.0226966,10,125,1,530,750,1280,1000,7000,1000,8280,9280,
122,Chief Skittles,Big Waves,Expert,Single,30,PATH OF THE GREATS (Part 3) ~The Vast Plains Of Elysium~ FB 300,300,8351,602,8.03,508,0,0,76,0.8439,0.8699,6.68,17.63,17.86,64 (32) 96 (8) 64 (32) 126 (2) 94 (2) 64,300,406.4570321,11,125,1,295,834,1129,620,7000,1000,8129,9129,
123,Levitas,Big Waves,Expert,Single,30,Trails of Cold Stream SC (Part 3),300,9945,681,9.08,611,0,0,65,0.8972,0.9038,9.4,18.34,18.36,114 (12) 180 (11) 49 (12) 58 (2) 24 (12) 82 (2) 48 (12) 10 (2) 46,300,519.705065,12,125,1,295,917,1212,829,7000,1000,8212,9212,
124,Zaia,Saitama's Ultimate Weapon,Expert,Single,30,Aggressor,316,3794,249,3.15,231,0,0,13,0.9277,0.9467,17.77,20.39,20.4,55 (9) 172 (4) 4,310,211.6175993,3,125,1,765,167,932,124,7000,1000,7932,8932,
125,mattm,Stamina Alley 3,Expert,Single,30,Flash Back 90s,318,4948,343,4.31,297,0,0,24,0.8659,0.911,12.38,19.69,20,14 (2) 27 2 (4) 23 5 24 (2) 6 (2) 2 (2) 15 14 (2) 14 (2) 14 (2) 14 (2) 23 4 (4) 96,310,255.850254,6,125,1,824,417,1241,902,7000,1000,8241,9241,
126,Levitas,restepped because bad,Expert,Single,30,Beast and the Harlot FB 314,314,5516,380,4.84,336,0,0,32,0.8842,0.913,10.5,19.14,19.57,56 (4) 16 (6) 40 (6) 48 (4) 16 (6) 96 (6) 64,310,290.4641389,7,125,1,706,500,1206,814,7000,1000,8206,9206,
127,JNero,BangerZ 3,Expert,Single,30,Max Forever FB 310,310,5938,421,5.43,355,0,0,30,0.8432,0.9221,11.83,18.98,19.46,97 (16) 144 (7) 1 (7) 113,310,311.7979018,8,125,1,589,584,1173,731,7000,1000,8173,9173,
128,Zaia,fof,Expert,Single,30,Runengon,320,3518,239,5.49,211,0,0,17,0.8828,0.9254,12.41,11.19,11.16,8 (17) 203,320,186.3844376,1,125,1,883,0,883,0,7000,1000,7883,8883,
129,StoryTime,Big Waves,Expert,Single,30,Better Off This Way,320,3657,264,3.3,222,0,0,16,0.8409,0.9328,13.88,18.97,20.07,176 (16) 46,320,198.6161843,2,125,1,883,84,967,212,7000,1000,7967,8967,
130,StoryTime,fofmas 3,Expert,Single,30,Credits (Jamestown+),324,4009,283,3.49,240,0,0,17,0.8481,0.9302,14.12,19.33,20.47,71 46 (15) 78 (2) 45,320,213.7634145,4,125,1,1000,250,1250,925,7000,1000,8250,9250,
131,tyler.exe,Big Waves,Expert,Single,30,IRON BREAKER,320,4129,268,3.35,256,0,0,2,0.9552,0.9922,128,21.17,21.25,160 (2) 96,320,252.8126038,5,125,1,883,334,1217,842,7000,1000,8217,9217,